{
"type": "FeatureCollection",
"name": "country_plots_combined",
"crs": { "type": "name", "properties": { "name": "urn:ogc:def:crs:OGC:1.3:CRS84" } },
"features": [
{ "type": "Feature", "properties": { "PLOTID": "1", "ExtraInfo": "Anguilla" }, "geometry": { "type": "Polygon", "coordinates": [ [ [ -62.935165333452453, 18.291257123777289 ], [ -62.935165333452453, 18.291009777445918 ], [ -62.935476258486787, 18.291009777445918 ], [ -62.935476258486787, 18.291257123777289 ], [ -62.935165333452453, 18.291257123777289 ] ] ] } },
{ "type": "Feature", "properties": { "PLOTID": "2", "ExtraInfo": "Anguilla" }, "geometry": { "type": "Polygon", "coordinates": [ [ [ -63.037770594783453, 18.198031915634775 ], [ -63.037770594783453, 18.197784698729837 ], [ -63.038081519817787, 18.197784698729837 ], [ -63.038081519817787, 18.198031915634775 ], [ -63.037770594783453, 18.198031915634775 ] ] ] } },
{ "type": "Feature", "properties": { "PLOTID": "3", "ExtraInfo": "Anguilla" }, "geometry": { "type": "Polygon", "coordinates": [ [ [ -63.244224817582811, 18.279137558477181 ], [ -63.244224817582811, 18.278890229015744 ], [ -63.244535742617146, 18.278890229015744 ], [ -63.244535742617146, 18.279137558477181 ], [ -63.244224817582811, 18.279137558477181 ] ] ] } },
{ "type": "Feature", "properties": { "PLOTID": "4", "ExtraInfo": "Anguilla" }, "geometry": { "type": "Polygon", "coordinates": [ [ [ -62.935476258486787, 18.286310262584429 ], [ -62.935476258486787, 18.286062923140481 ], [ -62.935787183521121, 18.286062923140481 ], [ -62.935787183521121, 18.286310262584429 ], [ -62.935476258486787, 18.286310262584429 ] ] ] } },
{ "type": "Feature", "properties": { "PLOTID": "5", "ExtraInfo": "Anguilla" }, "geometry": { "type": "Polygon", "coordinates": [ [ [ -63.034039494371413, 18.251438796578444 ], [ -63.034039494371413, 18.251191505623019 ], [ -63.034350419405747, 18.251191505623019 ], [ -63.034350419405747, 18.251438796578444 ], [ -63.034039494371413, 18.251438796578444 ] ] ] } },
{ "type": "Feature", "properties": { "PLOTID": "6", "ExtraInfo": "Anguilla" }, "geometry": { "type": "Polygon", "coordinates": [ [ [ -63.032484869199727, 18.25218067150557 ], [ -63.032484869199727, 18.251933379519709 ], [ -63.032795794234076, 18.251933379519709 ], [ -63.032795794234076, 18.25218067150557 ], [ -63.032484869199727, 18.25218067150557 ] ] ] } },
{ "type": "Feature", "properties": { "PLOTID": "7", "ExtraInfo": "Anguilla" }, "geometry": { "type": "Polygon", "coordinates": [ [ [ -63.030619318993722, 18.257373882564071 ], [ -63.030619318993722, 18.257126583363668 ], [ -63.030930244028042, 18.257126583363668 ], [ -63.030930244028042, 18.257373882564071 ], [ -63.030619318993722, 18.257373882564071 ] ] ] } },
{ "type": "Feature", "properties": { "PLOTID": "8", "ExtraInfo": "Anguilla" }, "geometry": { "type": "Polygon", "coordinates": [ [ [ -62.990199064529989, 18.246493042721887 ], [ -62.990199064529989, 18.246245758634668 ], [ -62.99050998956433, 18.246245758634668 ], [ -62.99050998956433, 18.246493042721887 ], [ -62.990199064529989, 18.246493042721887 ] ] ] } },
{ "type": "Feature", "properties": { "PLOTID": "9", "ExtraInfo": "Anguilla" }, "geometry": { "type": "Polygon", "coordinates": [ [ [ -63.007610866452829, 18.256879284506859 ], [ -63.007610866452829, 18.256631985993664 ], [ -63.007921791487163, 18.256631985993664 ], [ -63.007921791487163, 18.256879284506859 ], [ -63.007610866452829, 18.256879284506859 ] ] ] } },
{ "type": "Feature", "properties": { "PLOTID": "10", "ExtraInfo": "Anguilla" }, "geometry": { "type": "Polygon", "coordinates": [ [ [ -63.127938854741011, 18.188143506279047 ], [ -63.127938854741011, 18.187896303056686 ], [ -63.128249779775345, 18.187896303056686 ], [ -63.128249779775345, 18.188143506279047 ], [ -63.127938854741011, 18.188143506279047 ] ] ] } },
{ "type": "Feature", "properties": { "PLOTID": "11", "ExtraInfo": "Anguilla" }, "geometry": { "type": "Polygon", "coordinates": [ [ [ -63.085342125036931, 18.193582063694564 ], [ -63.085342125036931, 18.193334852947959 ], [ -63.085653050071265, 18.193334852947959 ], [ -63.085653050071265, 18.193582063694564 ], [ -63.085342125036931, 18.193582063694564 ] ] ] } },
{ "type": "Feature", "properties": { "PLOTID": "12", "ExtraInfo": "Anguilla" }, "geometry": { "type": "Polygon", "coordinates": [ [ [ -63.079434549384537, 18.183446703520559 ], [ -63.079434549384537, 18.183199506794089 ], [ -63.079745474418871, 18.183199506794089 ], [ -63.079745474418871, 18.183446703520559 ], [ -63.079434549384537, 18.183446703520559 ] ] ] } },
{ "type": "Feature", "properties": { "PLOTID": "13", "ExtraInfo": "Anguilla" }, "geometry": { "type": "Polygon", "coordinates": [ [ [ -62.995795715148041, 18.234623793728193 ], [ -62.995795715148041, 18.234376526114929 ], [ -62.996106640182376, 18.234376526114929 ], [ -62.996106640182376, 18.234623793728193 ], [ -62.995795715148041, 18.234623793728193 ] ] ] } },
{ "type": "Feature", "properties": { "PLOTID": "14", "ExtraInfo": "Anguilla" }, "geometry": { "type": "Polygon", "coordinates": [ [ [ -63.022846193135308, 18.257621182108103 ], [ -63.022846193135308, 18.257373882564071 ], [ -63.023157118169642, 18.257373882564071 ], [ -63.023157118169642, 18.257621182108103 ], [ -63.022846193135308, 18.257621182108103 ] ] ] } },
{ "type": "Feature", "properties": { "PLOTID": "15", "ExtraInfo": "Anguilla" }, "geometry": { "type": "Polygon", "coordinates": [ [ [ -62.94014013400183, 18.289278362770016 ], [ -62.94014013400183, 18.289031019193903 ], [ -62.940451059036164, 18.289031019193903 ], [ -62.940451059036164, 18.289278362770016 ], [ -62.94014013400183, 18.289278362770016 ] ] ] } },
{ "type": "Feature", "properties": { "PLOTID": "16", "ExtraInfo": "Anguilla" }, "geometry": { "type": "Polygon", "coordinates": [ [ [ -63.16245153355235, 18.16812115265445 ], [ -63.16245153355235, 18.167873977110187 ], [ -63.162762458586684, 18.167873977110187 ], [ -63.162762458586684, 18.16812115265445 ], [ -63.16245153355235, 18.16812115265445 ] ] ] } },
{ "type": "Feature", "properties": { "PLOTID": "17", "ExtraInfo": "Anguilla" }, "geometry": { "type": "Polygon", "coordinates": [ [ [ -63.149081757075876, 18.163177706639917 ], [ -63.149081757075876, 18.162930537923746 ], [ -63.149392682110211, 18.162930537923746 ], [ -63.149392682110211, 18.163177706639917 ], [ -63.149081757075876, 18.163177706639917 ] ] ] } },
{ "type": "Feature", "properties": { "PLOTID": "18", "ExtraInfo": "Anguilla" }, "geometry": { "type": "Polygon", "coordinates": [ [ [ -63.095291726135684, 18.184188295751007 ], [ -63.095291726135684, 18.183941097999018 ], [ -63.095602651170019, 18.183941097999018 ], [ -63.095602651170019, 18.184188295751007 ], [ -63.095291726135684, 18.184188295751007 ] ] ] } },
{ "type": "Feature", "properties": { "PLOTID": "19", "ExtraInfo": "Anguilla" }, "geometry": { "type": "Polygon", "coordinates": [ [ [ -63.022535268100974, 18.233881991917581 ], [ -63.022535268100974, 18.233634725333484 ], [ -63.022846193135308, 18.233634725333484 ], [ -63.022846193135308, 18.233881991917581 ], [ -63.022535268100974, 18.233881991917581 ] ] ] } },
{ "type": "Feature", "properties": { "PLOTID": "20", "ExtraInfo": "Anguilla" }, "geometry": { "type": "Polygon", "coordinates": [ [ [ -63.153745632590926, 18.16540224044687 ], [ -63.153745632590926, 18.165155068658347 ], [ -63.154056557625267, 18.165155068658347 ], [ -63.154056557625267, 18.16540224044687 ], [ -63.153745632590926, 18.16540224044687 ] ] ] } },
{ "type": "Feature", "properties": { "PLOTID": "21", "ExtraInfo": "Anguilla" }, "geometry": { "type": "Polygon", "coordinates": [ [ [ -63.052073146362929, 18.22127183338511 ], [ -63.052073146362929, 18.221024584288642 ], [ -63.052384071397263, 18.221024584288642 ], [ -63.052384071397263, 18.22127183338511 ], [ -63.052073146362929, 18.22127183338511 ] ] ] } },
{ "type": "Feature", "properties": { "PLOTID": "22", "ExtraInfo": "Anguilla" }, "geometry": { "type": "Polygon", "coordinates": [ [ [ -63.032173944165393, 18.227453172204722 ], [ -63.032173944165393, 18.227205914537819 ], [ -63.032484869199727, 18.227205914537819 ], [ -63.032484869199727, 18.227453172204722 ], [ -63.032173944165393, 18.227453172204722 ] ] ] } },
{ "type": "Feature", "properties": { "PLOTID": "23", "ExtraInfo": "Anguilla" }, "geometry": { "type": "Polygon", "coordinates": [ [ [ -63.046476495744869, 18.224980610964987 ], [ -63.046476495744869, 18.224733356726702 ], [ -63.046787420779204, 18.224733356726702 ], [ -63.046787420779204, 18.224980610964987 ], [ -63.046476495744869, 18.224980610964987 ] ] ] } },
{ "type": "Feature", "properties": { "PLOTID": "24", "ExtraInfo": "Anguilla" }, "geometry": { "type": "Polygon", "coordinates": [ [ [ -63.002946990937787, 18.241052872107133 ], [ -63.002946990937787, 18.240805595572184 ], [ -63.003257915972121, 18.240805595572184 ], [ -63.003257915972121, 18.241052872107133 ], [ -63.002946990937787, 18.241052872107133 ] ] ] } },
{ "type": "Feature", "properties": { "PLOTID": "25", "ExtraInfo": "Anguilla" }, "geometry": { "type": "Polygon", "coordinates": [ [ [ -63.024089893272659, 18.238580122201625 ], [ -63.024089893272659, 18.238332849098576 ], [ -63.024400818306994, 18.238332849098576 ], [ -63.024400818306994, 18.238580122201625 ], [ -63.024089893272659, 18.238580122201625 ] ] ] } },
{ "type": "Feature", "properties": { "PLOTID": "26", "ExtraInfo": "Anguilla" }, "geometry": { "type": "Polygon", "coordinates": [ [ [ -63.063266447599034, 18.203470774127215 ], [ -63.063266447599034, 18.203223549692794 ], [ -63.063577372633375, 18.203223549692794 ], [ -63.063577372633375, 18.203470774127215 ], [ -63.063266447599034, 18.203470774127215 ] ] ] } },
{ "type": "Feature", "properties": { "PLOTID": "27", "ExtraInfo": "Anguilla" }, "geometry": { "type": "Polygon", "coordinates": [ [ [ -63.422695787291893, 18.589809237608254 ], [ -63.422695787291893, 18.589561471529784 ], [ -63.423006712326227, 18.589561471529784 ], [ -63.423006712326227, 18.589809237608254 ], [ -63.422695787291893, 18.589809237608254 ] ] ] } },
{ "type": "Feature", "properties": { "PLOTID": "28", "ExtraInfo": "Anguilla" }, "geometry": { "type": "Polygon", "coordinates": [ [ [ -63.034039494371413, 18.247976754455838 ], [ -63.034039494371413, 18.247729468308407 ], [ -63.034350419405747, 18.247729468308407 ], [ -63.034350419405747, 18.247976754455838 ], [ -63.034039494371413, 18.247976754455838 ] ] ] } },
{ "type": "Feature", "properties": { "PLOTID": "29", "ExtraInfo": "Anguilla" }, "geometry": { "type": "Polygon", "coordinates": [ [ [ -62.987400739220966, 18.255148202129824 ], [ -62.987400739220966, 18.254900906021689 ], [ -62.987711664255293, 18.254900906021689 ], [ -62.987711664255293, 18.255148202129824 ], [ -62.987400739220966, 18.255148202129824 ] ] ] } },
{ "type": "Feature", "properties": { "PLOTID": "30", "ExtraInfo": "Anguilla" }, "geometry": { "type": "Polygon", "coordinates": [ [ [ -63.089695075517625, 18.193829274783244 ], [ -63.089695075517625, 18.193582063694564 ], [ -63.090006000551973, 18.193582063694564 ], [ -63.090006000551973, 18.193829274783244 ], [ -63.089695075517625, 18.193829274783244 ] ] ] } },
{ "type": "Feature", "properties": { "PLOTID": "31", "ExtraInfo": "Anguilla" }, "geometry": { "type": "Polygon", "coordinates": [ [ [ -63.165871708930055, 18.169604213091095 ], [ -63.165871708930055, 18.169357035497928 ], [ -63.166182633964389, 18.169357035497928 ], [ -63.166182633964389, 18.169604213091095 ], [ -63.165871708930055, 18.169604213091095 ] ] ] } },
{ "type": "Feature", "properties": { "PLOTID": "32", "ExtraInfo": "Anguilla" }, "geometry": { "type": "Polygon", "coordinates": [ [ [ -63.025644518444331, 18.234623793728193 ], [ -63.025644518444331, 18.234376526114929 ], [ -63.025955443478665, 18.234376526114929 ], [ -63.025955443478665, 18.234623793728193 ], [ -63.025644518444331, 18.234623793728193 ] ] ] } },
{ "type": "Feature", "properties": { "PLOTID": "33", "ExtraInfo": "Anguilla" }, "geometry": { "type": "Polygon", "coordinates": [ [ [ -63.022535268100974, 18.223991596068814 ], [ -63.022535268100974, 18.223744343201805 ], [ -63.022846193135308, 18.223744343201805 ], [ -63.022846193135308, 18.223991596068814 ], [ -63.022535268100974, 18.223991596068814 ] ] ] } },
{ "type": "Feature", "properties": { "PLOTID": "34", "ExtraInfo": "Anguilla" }, "geometry": { "type": "Polygon", "coordinates": [ [ [ -63.128249779775345, 18.19284043248096 ], [ -63.128249779775345, 18.192593222760557 ], [ -63.128560704809679, 18.192593222760557 ], [ -63.128560704809679, 18.19284043248096 ], [ -63.128249779775345, 18.19284043248096 ] ] ] } },
{ "type": "Feature", "properties": { "PLOTID": "35", "ExtraInfo": "Anguilla" }, "geometry": { "type": "Polygon", "coordinates": [ [ [ -63.066375697942405, 18.237591031848318 ], [ -63.066375697942405, 18.237343760117852 ], [ -63.066686622976739, 18.237343760117852 ], [ -63.066686622976739, 18.237591031848318 ], [ -63.066375697942405, 18.237591031848318 ] ] ] } },
{ "type": "Feature", "properties": { "PLOTID": "36", "ExtraInfo": "Anguilla" }, "geometry": { "type": "Polygon", "coordinates": [ [ [ -63.252930718544242, 18.275180328387016 ], [ -63.252930718544242, 18.274933004431013 ], [ -63.253241643578576, 18.274933004431013 ], [ -63.253241643578576, 18.275180328387016 ], [ -63.252930718544242, 18.275180328387016 ] ] ] } },
{ "type": "Feature", "properties": { "PLOTID": "37", "ExtraInfo": "Anguilla" }, "geometry": { "type": "Polygon", "coordinates": [ [ [ -63.251065168338222, 18.285320906874457 ], [ -63.251065168338222, 18.285073568807707 ], [ -63.251376093372556, 18.285073568807707 ], [ -63.251376093372556, 18.285320906874457 ], [ -63.251065168338222, 18.285320906874457 ] ] ] } },
{ "type": "Feature", "properties": { "PLOTID": "38", "ExtraInfo": "Anguilla" }, "geometry": { "type": "Polygon", "coordinates": [ [ [ -63.035905044577433, 18.233881991917581 ], [ -63.035905044577433, 18.233634725333484 ], [ -63.036215969611767, 18.233634725333484 ], [ -63.036215969611767, 18.233881991917581 ], [ -63.035905044577433, 18.233881991917581 ] ] ] } },
{ "type": "Feature", "properties": { "PLOTID": "39", "ExtraInfo": "Anguilla" }, "geometry": { "type": "Polygon", "coordinates": [ [ [ -62.929879607868727, 18.287546964969 ], [ -62.929879607868727, 18.287299623803428 ], [ -62.930190532903062, 18.287299623803428 ], [ -62.930190532903062, 18.287546964969 ], [ -62.929879607868727, 18.287546964969 ] ] ] } },
{ "type": "Feature", "properties": { "PLOTID": "40", "ExtraInfo": "Anguilla" }, "geometry": { "type": "Polygon", "coordinates": [ [ [ -63.019426017757603, 18.250449634817532 ], [ -63.019426017757603, 18.250202345235941 ], [ -63.019736942791937, 18.250202345235941 ], [ -63.019736942791937, 18.250449634817532 ], [ -63.019426017757603, 18.250449634817532 ] ] ] } },
{ "type": "Feature", "properties": { "PLOTID": "41", "ExtraInfo": "Anguilla" }, "geometry": { "type": "Polygon", "coordinates": [ [ [ -62.974030962744493, 18.259599590831208 ], [ -62.974030962744493, 18.259352288538039 ], [ -62.974341887778827, 18.259352288538039 ], [ -62.974341887778827, 18.259599590831208 ], [ -62.974030962744493, 18.259599590831208 ] ] ] } },
{ "type": "Feature", "properties": { "PLOTID": "42", "ExtraInfo": "Anguilla" }, "geometry": { "type": "Polygon", "coordinates": [ [ [ -63.016005842379911, 18.228689465682763 ], [ -63.016005842379911, 18.228442206301327 ], [ -63.016316767414246, 18.228442206301327 ], [ -63.016316767414246, 18.228689465682763 ], [ -63.016005842379911, 18.228689465682763 ] ] ] } },
{ "type": "Feature", "properties": { "PLOTID": "43", "ExtraInfo": "Anguilla" }, "geometry": { "type": "Polygon", "coordinates": [ [ [ -62.945736784619875, 18.29051508581647 ], [ -62.945736784619875, 18.290267740518377 ], [ -62.946047709654223, 18.290267740518377 ], [ -62.946047709654223, 18.29051508581647 ], [ -62.945736784619875, 18.29051508581647 ] ] ] } },
{ "type": "Feature", "properties": { "PLOTID": "44", "ExtraInfo": "Anguilla" }, "geometry": { "type": "Polygon", "coordinates": [ [ [ -62.97496373784751, 18.264051090881495 ], [ -62.97496373784751, 18.263803782401361 ], [ -62.975274662881837, 18.263803782401361 ], [ -62.975274662881837, 18.264051090881495 ], [ -62.97496373784751, 18.264051090881495 ] ] ] } },
{ "type": "Feature", "properties": { "PLOTID": "45", "ExtraInfo": "Anguilla" }, "geometry": { "type": "Polygon", "coordinates": [ [ [ -62.997039415285393, 18.249707767103082 ], [ -62.997039415285393, 18.2494604785518 ], [ -62.997350340319727, 18.2494604785518 ], [ -62.997350340319727, 18.249707767103082 ], [ -62.997039415285393, 18.249707767103082 ] ] ] } },
{ "type": "Feature", "properties": { "PLOTID": "46", "ExtraInfo": "Anguilla" }, "geometry": { "type": "Polygon", "coordinates": [ [ [ -63.151569157350572, 18.161447532794693 ], [ -63.151569157350572, 18.161200366467792 ], [ -63.151880082384906, 18.161200366467792 ], [ -63.151880082384906, 18.161447532794693 ], [ -63.151569157350572, 18.161447532794693 ] ] ] } },
{ "type": "Feature", "properties": { "PLOTID": "47", "ExtraInfo": "Anguilla" }, "geometry": { "type": "Polygon", "coordinates": [ [ [ -63.102132076891081, 18.181963528289053 ], [ -63.102132076891081, 18.18171633361348 ], [ -63.102443001925415, 18.18171633361348 ], [ -63.102443001925415, 18.181963528289053 ], [ -63.102132076891081, 18.181963528289053 ] ] ] } },
{ "type": "Feature", "properties": { "PLOTID": "48", "ExtraInfo": "Anguilla" }, "geometry": { "type": "Polygon", "coordinates": [ [ [ -63.050207596156909, 18.196054189975953 ], [ -63.050207596156909, 18.195806975808289 ], [ -63.050518521191243, 18.195806975808289 ], [ -63.050518521191243, 18.196054189975953 ], [ -63.050207596156909, 18.196054189975953 ] ] ] } },
{ "type": "Feature", "properties": { "PLOTID": "49", "ExtraInfo": "Anguilla" }, "geometry": { "type": "Polygon", "coordinates": [ [ [ -63.041190770161158, 18.216326916569489 ], [ -63.041190770161158, 18.216079674326679 ], [ -63.041501695195493, 18.216079674326679 ], [ -63.041501695195493, 18.216326916569489 ], [ -63.041190770161158, 18.216326916569489 ] ] ] } },
{ "type": "Feature", "properties": { "PLOTID": "50", "ExtraInfo": "Anguilla" }, "geometry": { "type": "Polygon", "coordinates": [ [ [ -63.107728727509141, 18.190862764294963 ], [ -63.107728727509141, 18.190615557310835 ], [ -63.108039652543475, 18.190615557310835 ], [ -63.108039652543475, 18.190862764294963 ], [ -63.107728727509141, 18.190862764294963 ] ] ] } },
{ "type": "Feature", "properties": { "PLOTID": "51", "ExtraInfo": "Anguilla" }, "geometry": { "type": "Polygon", "coordinates": [ [ [ -63.016316767414246, 18.22943124588463 ], [ -63.016316767414246, 18.229183985474403 ], [ -63.01662769244858, 18.229183985474403 ], [ -63.01662769244858, 18.22943124588463 ], [ -63.016316767414246, 18.22943124588463 ] ] ] } },
{ "type": "Feature", "properties": { "PLOTID": "52", "ExtraInfo": "Anguilla" }, "geometry": { "type": "Polygon", "coordinates": [ [ [ -63.024400818306994, 18.218304866846985 ], [ -63.024400818306994, 18.218057621863004 ], [ -63.024711743341328, 18.218057621863004 ], [ -63.024711743341328, 18.218304866846985 ], [ -63.024400818306994, 18.218304866846985 ] ] ] } },
{ "type": "Feature", "properties": { "PLOTID": "53", "ExtraInfo": "Anguilla" }, "geometry": { "type": "Polygon", "coordinates": [ [ [ -63.022846193135308, 18.238332849098576 ], [ -63.022846193135308, 18.238085576338676 ], [ -63.023157118169642, 18.238085576338676 ], [ -63.023157118169642, 18.238332849098576 ], [ -63.022846193135308, 18.238332849098576 ] ] ] } },
{ "type": "Feature", "properties": { "PLOTID": "54", "ExtraInfo": "Anguilla" }, "geometry": { "type": "Polygon", "coordinates": [ [ [ -62.932056083109082, 18.285568245285504 ], [ -62.932056083109082, 18.285320906874457 ], [ -62.932367008143416, 18.285320906874457 ], [ -62.932367008143416, 18.285568245285504 ], [ -62.932056083109082, 18.285568245285504 ] ] ] } },
{ "type": "Feature", "properties": { "PLOTID": "55", "ExtraInfo": "Anguilla" }, "geometry": { "type": "Polygon", "coordinates": [ [ [ -62.974652812813162, 18.263061859023573 ], [ -62.974652812813162, 18.262814551918492 ], [ -62.97496373784751, 18.262814551918492 ], [ -62.97496373784751, 18.263061859023573 ], [ -62.974652812813162, 18.263061859023573 ] ] ] } },
{ "type": "Feature", "properties": { "PLOTID": "56", "ExtraInfo": "Anguilla" }, "geometry": { "type": "Polygon", "coordinates": [ [ [ -63.057047946912306, 18.189873938410489 ], [ -63.057047946912306, 18.189626732794359 ], [ -63.05735887194664, 18.189626732794359 ], [ -63.05735887194664, 18.189873938410489 ], [ -63.057047946912306, 18.189873938410489 ] ] ] } },
{ "type": "Feature", "properties": { "PLOTID": "57", "ExtraInfo": "Anguilla" }, "geometry": { "type": "Polygon", "coordinates": [ [ [ -63.094669876067016, 18.170592926878832 ], [ -63.094669876067016, 18.170345747919612 ], [ -63.09498080110135, 18.170345747919612 ], [ -63.09498080110135, 18.170592926878832 ], [ -63.094669876067016, 18.170592926878832 ] ] ] } },
{ "type": "Feature", "properties": { "PLOTID": "58", "ExtraInfo": "Anguilla" }, "geometry": { "type": "Polygon", "coordinates": [ [ [ -63.138821230942781, 18.167873977110187 ], [ -63.138821230942781, 18.167626801907371 ], [ -63.139132155977116, 18.167626801907371 ], [ -63.139132155977116, 18.167873977110187 ], [ -63.138821230942781, 18.167873977110187 ] ] ] } },
{ "type": "Feature", "properties": { "PLOTID": "59", "ExtraInfo": "Anguilla" }, "geometry": { "type": "Polygon", "coordinates": [ [ [ -63.013207517070875, 18.220282839055642 ], [ -63.013207517070875, 18.220035591330095 ], [ -63.013518442105209, 18.220035591330095 ], [ -63.013518442105209, 18.220282839055642 ], [ -63.013207517070875, 18.220282839055642 ] ] ] } },
{ "type": "Feature", "properties": { "PLOTID": "60", "ExtraInfo": "Anguilla" }, "geometry": { "type": "Polygon", "coordinates": [ [ [ -63.141619556251804, 18.16540224044687 ], [ -63.141619556251804, 18.165155068658347 ], [ -63.141930481286138, 18.165155068658347 ], [ -63.141930481286138, 18.16540224044687 ], [ -63.141619556251804, 18.16540224044687 ] ] ] } },
{ "type": "Feature", "properties": { "PLOTID": "61", "ExtraInfo": "Anguilla" }, "geometry": { "type": "Polygon", "coordinates": [ [ [ -63.071039573457448, 18.193582063694564 ], [ -63.071039573457448, 18.193334852947959 ], [ -63.071350498491789, 18.193334852947959 ], [ -63.071350498491789, 18.193582063694564 ], [ -63.071039573457448, 18.193582063694564 ] ] ] } },
{ "type": "Feature", "properties": { "PLOTID": "62", "ExtraInfo": "Anguilla" }, "geometry": { "type": "Polygon", "coordinates": [ [ [ -63.044921870573184, 18.202481878443386 ], [ -63.044921870573184, 18.202234655378177 ], [ -63.045232795607518, 18.202234655378177 ], [ -63.045232795607518, 18.202481878443386 ], [ -63.044921870573184, 18.202481878443386 ] ] ] } },
{ "type": "Feature", "properties": { "PLOTID": "63", "ExtraInfo": "Anguilla" }, "geometry": { "type": "Polygon", "coordinates": [ [ [ -63.056426096843637, 18.244762061321431 ], [ -63.056426096843637, 18.244514779637523 ], [ -63.056737021877971, 18.244514779637523 ], [ -63.056737021877971, 18.244762061321431 ], [ -63.056426096843637, 18.244762061321431 ] ] ] } },
{ "type": "Feature", "properties": { "PLOTID": "64", "ExtraInfo": "Anguilla" }, "geometry": { "type": "Polygon", "coordinates": [ [ [ -62.986467964117949, 18.257621182108103 ], [ -62.986467964117949, 18.257373882564071 ], [ -62.986778889152291, 18.257373882564071 ], [ -62.986778889152291, 18.257621182108103 ], [ -62.986467964117949, 18.257621182108103 ] ] ] } },
{ "type": "Feature", "properties": { "PLOTID": "65", "ExtraInfo": "Anguilla" }, "geometry": { "type": "Polygon", "coordinates": [ [ [ -63.083787499865245, 18.173559101030115 ], [ -63.083787499865245, 18.173311917972196 ], [ -63.08409842489958, 18.173311917972196 ], [ -63.08409842489958, 18.173559101030115 ], [ -63.083787499865245, 18.173559101030115 ] ] ] } },
{ "type": "Feature", "properties": { "PLOTID": "66", "ExtraInfo": "Anguilla" }, "geometry": { "type": "Polygon", "coordinates": [ [ [ -63.051451296294246, 18.212371081795762 ], [ -63.051451296294246, 18.212123845034174 ], [ -63.051762221328595, 18.212123845034174 ], [ -63.051762221328595, 18.212371081795762 ], [ -63.051451296294246, 18.212371081795762 ] ] ] } },
{ "type": "Feature", "properties": { "PLOTID": "67", "ExtraInfo": "Anguilla" }, "geometry": { "type": "Polygon", "coordinates": [ [ [ -63.132291805221705, 18.187896303056686 ], [ -63.132291805221705, 18.187649100176262 ], [ -63.132602730256053, 18.187649100176262 ], [ -63.132602730256053, 18.187896303056686 ], [ -63.132291805221705, 18.187896303056686 ] ] ] } },
{ "type": "Feature", "properties": { "PLOTID": "68", "ExtraInfo": "Anguilla" }, "geometry": { "type": "Polygon", "coordinates": [ [ [ -63.013207517070875, 18.227453172204722 ], [ -63.013207517070875, 18.227205914537819 ], [ -63.013518442105209, 18.227205914537819 ], [ -63.013518442105209, 18.227453172204722 ], [ -63.013207517070875, 18.227453172204722 ] ] ] } },
{ "type": "Feature", "properties": { "PLOTID": "69", "ExtraInfo": "Anguilla" }, "geometry": { "type": "Polygon", "coordinates": [ [ [ -63.063577372633375, 18.237591031848318 ], [ -63.063577372633375, 18.237343760117852 ], [ -63.06388829766771, 18.237343760117852 ], [ -63.06388829766771, 18.237591031848318 ], [ -63.063577372633375, 18.237591031848318 ] ] ] } },
{ "type": "Feature", "properties": { "PLOTID": "70", "ExtraInfo": "Anguilla" }, "geometry": { "type": "Polygon", "coordinates": [ [ [ -63.07850177428152, 18.191109971621099 ], [ -63.07850177428152, 18.190862764294963 ], [ -63.078812699315854, 18.190862764294963 ], [ -63.078812699315854, 18.191109971621099 ], [ -63.07850177428152, 18.191109971621099 ] ] ] } },
{ "type": "Feature", "properties": { "PLOTID": "71", "ExtraInfo": "Anguilla" }, "geometry": { "type": "Polygon", "coordinates": [ [ [ -63.000770515697418, 18.24748218250436 ], [ -63.000770515697418, 18.24723489704369 ], [ -63.001081440731767, 18.24723489704369 ], [ -63.001081440731767, 18.24748218250436 ], [ -63.000770515697418, 18.24748218250436 ] ] ] } },
{ "type": "Feature", "properties": { "PLOTID": "72", "ExtraInfo": "Anguilla" }, "geometry": { "type": "Polygon", "coordinates": [ [ [ -63.058602572083991, 18.223744343201805 ], [ -63.058602572083991, 18.223497090677615 ], [ -63.058913497118326, 18.223497090677615 ], [ -63.058913497118326, 18.223744343201805 ], [ -63.058602572083991, 18.223744343201805 ] ] ] } },
{ "type": "Feature", "properties": { "PLOTID": "73", "ExtraInfo": "Anguilla" }, "geometry": { "type": "Polygon", "coordinates": [ [ [ -63.057669796980974, 18.231162078358924 ], [ -63.057669796980974, 18.230914815547973 ], [ -63.057980722015316, 18.230914815547973 ], [ -63.057980722015316, 18.231162078358924 ], [ -63.057669796980974, 18.231162078358924 ] ] ] } },
{ "type": "Feature", "properties": { "PLOTID": "74", "ExtraInfo": "Anguilla" }, "geometry": { "type": "Polygon", "coordinates": [ [ [ -63.113636303161535, 18.17776126528409 ], [ -63.113636303161535, 18.177514076418205 ], [ -63.113947228195869, 18.177514076418205 ], [ -63.113947228195869, 18.17776126528409 ], [ -63.113636303161535, 18.17776126528409 ] ] ] } },
{ "type": "Feature", "properties": { "PLOTID": "75", "ExtraInfo": "Anguilla" }, "geometry": { "type": "Polygon", "coordinates": [ [ [ -63.257905519093619, 18.277900914611276 ], [ -63.257905519093619, 18.277653586870461 ], [ -63.258216444127953, 18.277653586870461 ], [ -63.258216444127953, 18.277900914611276 ], [ -63.257905519093619, 18.277900914611276 ] ] ] } },
{ "type": "Feature", "properties": { "PLOTID": "76", "ExtraInfo": "Anguilla" }, "geometry": { "type": "Polygon", "coordinates": [ [ [ -63.033728569337079, 18.242289259930352 ], [ -63.033728569337079, 18.242041981679222 ], [ -63.034039494371413, 18.242041981679222 ], [ -63.034039494371413, 18.242289259930352 ], [ -63.033728569337079, 18.242289259930352 ] ] ] } },
{ "type": "Feature", "properties": { "PLOTID": "77", "ExtraInfo": "Anguilla" }, "geometry": { "type": "Polygon", "coordinates": [ [ [ -63.15498933272827, 18.160953200482194 ], [ -63.15498933272827, 18.160706034837887 ], [ -63.155300257762605, 18.160706034837887 ], [ -63.155300257762605, 18.160953200482194 ], [ -63.15498933272827, 18.160953200482194 ] ] ] } },
{ "type": "Feature", "properties": { "PLOTID": "78", "ExtraInfo": "Anguilla" }, "geometry": { "type": "Polygon", "coordinates": [ [ [ -63.0184932426546, 18.247729468308407 ], [ -63.0184932426546, 18.24748218250436 ], [ -63.018804167688934, 18.24748218250436 ], [ -63.018804167688934, 18.247729468308407 ], [ -63.0184932426546, 18.247729468308407 ] ] ] } },
{ "type": "Feature", "properties": { "PLOTID": "79", "ExtraInfo": "Anguilla" }, "geometry": { "type": "Polygon", "coordinates": [ [ [ -63.027820993684685, 18.204954127922587 ], [ -63.027820993684685, 18.204706901434175 ], [ -63.028131918719019, 18.204706901434175 ], [ -63.028131918719019, 18.204954127922587 ], [ -63.027820993684685, 18.204954127922587 ] ] ] } },
{ "type": "Feature", "properties": { "PLOTID": "80", "ExtraInfo": "Anguilla" }, "geometry": { "type": "Polygon", "coordinates": [ [ [ -63.09871190151339, 18.183693900588867 ], [ -63.09871190151339, 18.183446703520559 ], [ -63.099022826547724, 18.183446703520559 ], [ -63.099022826547724, 18.183693900588867 ], [ -63.09871190151339, 18.183693900588867 ] ] ] } },
{ "type": "Feature", "properties": { "PLOTID": "81", "ExtraInfo": "Anguilla" }, "geometry": { "type": "Polygon", "coordinates": [ [ [ -63.063577372633375, 18.216821402082982 ], [ -63.063577372633375, 18.216574159154913 ], [ -63.06388829766771, 18.216574159154913 ], [ -63.06388829766771, 18.216821402082982 ], [ -63.063577372633375, 18.216821402082982 ] ] ] } },
{ "type": "Feature", "properties": { "PLOTID": "82", "ExtraInfo": "Anguilla" }, "geometry": { "type": "Polygon", "coordinates": [ [ [ -63.006678091349812, 18.250696924742574 ], [ -63.006678091349812, 18.250449634817532 ], [ -63.006989016384146, 18.250449634817532 ], [ -63.006989016384146, 18.250696924742574 ], [ -63.006678091349812, 18.250696924742574 ] ] ] } },
{ "type": "Feature", "properties": { "PLOTID": "83", "ExtraInfo": "Anguilla" }, "geometry": { "type": "Polygon", "coordinates": [ [ [ -63.092804325860996, 18.174053468170762 ], [ -63.092804325860996, 18.173806284429634 ], [ -63.09311525089533, 18.173806284429634 ], [ -63.09311525089533, 18.174053468170762 ], [ -63.092804325860996, 18.174053468170762 ] ] ] } },
{ "type": "Feature", "properties": { "PLOTID": "84", "ExtraInfo": "Anguilla" }, "geometry": { "type": "Polygon", "coordinates": [ [ [ -63.254485343715913, 18.277653586870461 ], [ -63.254485343715913, 18.277406259473739 ], [ -63.254796268750248, 18.277406259473739 ], [ -63.254796268750248, 18.277653586870461 ], [ -63.254485343715913, 18.277653586870461 ] ] ] } },
{ "type": "Feature", "properties": { "PLOTID": "85", "ExtraInfo": "Anguilla" }, "geometry": { "type": "Polygon", "coordinates": [ [ [ -63.071039573457448, 18.229183985474403 ], [ -63.071039573457448, 18.228936725407113 ], [ -63.071350498491789, 18.228936725407113 ], [ -63.071350498491789, 18.229183985474403 ], [ -63.071039573457448, 18.229183985474403 ] ] ] } },
{ "type": "Feature", "properties": { "PLOTID": "86", "ExtraInfo": "Anguilla" }, "geometry": { "type": "Polygon", "coordinates": [ [ [ -63.135401055565076, 18.178255644040984 ], [ -63.135401055565076, 18.178008454491685 ], [ -63.13571198059941, 18.178008454491685 ], [ -63.13571198059941, 18.178255644040984 ], [ -63.135401055565076, 18.178255644040984 ] ] ] } },
{ "type": "Feature", "properties": { "PLOTID": "87", "ExtraInfo": "Anguilla" }, "geometry": { "type": "Polygon", "coordinates": [ [ [ -63.043367245401498, 18.227205914537819 ], [ -63.043367245401498, 18.226958657213803 ], [ -63.043678170435847, 18.226958657213803 ], [ -63.043678170435847, 18.227205914537819 ], [ -63.043367245401498, 18.227205914537819 ] ] ] } },
{ "type": "Feature", "properties": { "PLOTID": "88", "ExtraInfo": "Anguilla" }, "geometry": { "type": "Polygon", "coordinates": [ [ [ -63.049274821053906, 18.21360727074179 ], [ -63.049274821053906, 18.213360032267488 ], [ -63.049585746088226, 18.213360032267488 ], [ -63.049585746088226, 18.21360727074179 ], [ -63.049274821053906, 18.21360727074179 ] ] ] } },
{ "type": "Feature", "properties": { "PLOTID": "89", "ExtraInfo": "Anguilla" }, "geometry": { "type": "Polygon", "coordinates": [ [ [ -63.115501853367554, 18.180974751637464 ], [ -63.115501853367554, 18.180727558329025 ], [ -63.115812778401889, 18.180727558329025 ], [ -63.115812778401889, 18.180974751637464 ], [ -63.115501853367554, 18.180974751637464 ] ] ] } },
{ "type": "Feature", "properties": { "PLOTID": "90", "ExtraInfo": "Anguilla" }, "geometry": { "type": "Polygon", "coordinates": [ [ [ -62.952266210340952, 18.279137558477181 ], [ -62.952266210340952, 18.278890229015744 ], [ -62.952577135375286, 18.278890229015744 ], [ -62.952577135375286, 18.279137558477181 ], [ -62.952266210340952, 18.279137558477181 ] ] ] } },
{ "type": "Feature", "properties": { "PLOTID": "91", "ExtraInfo": "Anguilla" }, "geometry": { "type": "Polygon", "coordinates": [ [ [ -63.120165728882597, 18.172323189156369 ], [ -63.120165728882597, 18.172076007806353 ], [ -63.120476653916931, 18.172076007806353 ], [ -63.120476653916931, 18.172323189156369 ], [ -63.120165728882597, 18.172323189156369 ] ] ] } },
{ "type": "Feature", "properties": { "PLOTID": "92", "ExtraInfo": "Anguilla" }, "geometry": { "type": "Polygon", "coordinates": [ [ [ -62.989888139495648, 18.246740327152462 ], [ -62.989888139495648, 18.246493042721887 ], [ -62.990199064529989, 18.246493042721887 ], [ -62.990199064529989, 18.246740327152462 ], [ -62.989888139495648, 18.246740327152462 ] ] ] } },
{ "type": "Feature", "properties": { "PLOTID": "93", "ExtraInfo": "Anguilla" }, "geometry": { "type": "Polygon", "coordinates": [ [ [ -63.128249779775345, 18.176278137214013 ], [ -63.128249779775345, 18.176030950398189 ], [ -63.128560704809679, 18.176030950398189 ], [ -63.128560704809679, 18.176278137214013 ], [ -63.128249779775345, 18.176278137214013 ] ] ] } },
{ "type": "Feature", "properties": { "PLOTID": "94", "ExtraInfo": "Anguilla" }, "geometry": { "type": "Polygon", "coordinates": [ [ [ -62.947291409791561, 18.286557602372689 ], [ -62.947291409791561, 18.286310262584429 ], [ -62.947602334825909, 18.286310262584429 ], [ -62.947602334825909, 18.286557602372689 ], [ -62.947291409791561, 18.286557602372689 ] ] ] } },
{ "type": "Feature", "properties": { "PLOTID": "95", "ExtraInfo": "Anguilla" }, "geometry": { "type": "Polygon", "coordinates": [ [ [ -63.127006079637994, 18.17776126528409 ], [ -63.127006079637994, 18.177514076418205 ], [ -63.127317004672328, 18.177514076418205 ], [ -63.127317004672328, 18.17776126528409 ], [ -63.127006079637994, 18.17776126528409 ] ] ] } },
{ "type": "Feature", "properties": { "PLOTID": "96", "ExtraInfo": "Anguilla" }, "geometry": { "type": "Polygon", "coordinates": [ [ [ -63.168980959273412, 18.163424875697444 ], [ -63.168980959273412, 18.163177706639917 ], [ -63.169291884307746, 18.163177706639917 ], [ -63.169291884307746, 18.163424875697444 ], [ -63.168980959273412, 18.163424875697444 ] ] ] } },
{ "type": "Feature", "properties": { "PLOTID": "97", "ExtraInfo": "Anguilla" }, "geometry": { "type": "Polygon", "coordinates": [ [ [ -63.038081519817787, 18.214596228064682 ], [ -63.038081519817787, 18.214348988220092 ], [ -63.038392444852121, 18.214348988220092 ], [ -63.038392444852121, 18.214596228064682 ], [ -63.038081519817787, 18.214596228064682 ] ] ] } },
{ "type": "Feature", "properties": { "PLOTID": "98", "ExtraInfo": "Anguilla" }, "geometry": { "type": "Polygon", "coordinates": [ [ [ -63.01289659203654, 18.220282839055642 ], [ -63.01289659203654, 18.220035591330095 ], [ -63.013207517070875, 18.220035591330095 ], [ -63.013207517070875, 18.220282839055642 ], [ -63.01289659203654, 18.220282839055642 ] ] ] } },
{ "type": "Feature", "properties": { "PLOTID": "99", "ExtraInfo": "Anguilla" }, "geometry": { "type": "Polygon", "coordinates": [ [ [ -62.999837740594415, 18.251438796578444 ], [ -62.999837740594415, 18.251191505623019 ], [ -63.00014866562875, 18.251191505623019 ], [ -63.00014866562875, 18.251438796578444 ], [ -62.999837740594415, 18.251438796578444 ] ] ] } },
{ "type": "Feature", "properties": { "PLOTID": "100", "ExtraInfo": "Anguilla" }, "geometry": { "type": "Polygon", "coordinates": [ [ [ -63.020669717894954, 18.209651496256225 ], [ -63.020669717894954, 18.209404263262094 ], [ -63.020980642929288, 18.209404263262094 ], [ -63.020980642929288, 18.209651496256225 ], [ -63.020669717894954, 18.209651496256225 ] ] ] } },
{ "type": "Feature", "properties": { "PLOTID": "101", "ExtraInfo": "Anguilla" }, "geometry": { "type": "Polygon", "coordinates": [ [ [ -63.03310671926841, 18.245009343348659 ], [ -63.03310671926841, 18.244762061321431 ], [ -63.033417644302745, 18.244762061321431 ], [ -63.033417644302745, 18.245009343348659 ], [ -63.03310671926841, 18.245009343348659 ] ] ] } },
{ "type": "Feature", "properties": { "PLOTID": "102", "ExtraInfo": "Anguilla" }, "geometry": { "type": "Polygon", "coordinates": [ [ [ -63.012585667002206, 18.238580122201625 ], [ -63.012585667002206, 18.238332849098576 ], [ -63.01289659203654, 18.238332849098576 ], [ -63.01289659203654, 18.238580122201625 ], [ -63.012585667002206, 18.238580122201625 ] ] ] } },
{ "type": "Feature", "properties": { "PLOTID": "103", "ExtraInfo": "Anguilla" }, "geometry": { "type": "Polygon", "coordinates": [ [ [ -63.063266447599034, 18.222508084008762 ], [ -63.063266447599034, 18.222260833198504 ], [ -63.063577372633375, 18.222260833198504 ], [ -63.063577372633375, 18.222508084008762 ], [ -63.063266447599034, 18.222508084008762 ] ] ] } },
{ "type": "Feature", "properties": { "PLOTID": "104", "ExtraInfo": "Anguilla" }, "geometry": { "type": "Polygon", "coordinates": [ [ [ -63.046476495744869, 18.212865556346536 ], [ -63.046476495744869, 18.212618318899885 ], [ -63.046787420779204, 18.212618318899885 ], [ -63.046787420779204, 18.212865556346536 ], [ -63.046476495744869, 18.212865556346536 ] ] ] } },
{ "type": "Feature", "properties": { "PLOTID": "105", "ExtraInfo": "Anguilla" }, "geometry": { "type": "Polygon", "coordinates": [ [ [ -63.424872262532247, 18.592039148141122 ], [ -63.424872262532247, 18.591791378897248 ], [ -63.425183187566596, 18.591791378897248 ], [ -63.425183187566596, 18.592039148141122 ], [ -63.424872262532247, 18.592039148141122 ] ] ] } },
{ "type": "Feature", "properties": { "PLOTID": "106", "ExtraInfo": "Anguilla" }, "geometry": { "type": "Polygon", "coordinates": [ [ [ -63.078190849247186, 18.186413090903088 ], [ -63.078190849247186, 18.186165890074193 ], [ -63.07850177428152, 18.186165890074193 ], [ -63.07850177428152, 18.186413090903088 ], [ -63.078190849247186, 18.186413090903088 ] ] ] } },
{ "type": "Feature", "properties": { "PLOTID": "107", "ExtraInfo": "Anguilla" }, "geometry": { "type": "Polygon", "coordinates": [ [ [ -62.992686464804684, 18.240311043531921 ], [ -62.992686464804684, 18.240063768026598 ], [ -62.992997389839019, 18.240063768026598 ], [ -62.992997389839019, 18.240311043531921 ], [ -62.992686464804684, 18.240311043531921 ] ] ] } },
{ "type": "Feature", "properties": { "PLOTID": "108", "ExtraInfo": "Anguilla" }, "geometry": { "type": "Polygon", "coordinates": [ [ [ -63.050207596156909, 18.200504103505438 ], [ -63.050207596156909, 18.200256883178366 ], [ -63.050518521191243, 18.200256883178366 ], [ -63.050518521191243, 18.200504103505438 ], [ -63.050207596156909, 18.200504103505438 ] ] ] } },
{ "type": "Feature", "properties": { "PLOTID": "109", "ExtraInfo": "Anguilla" }, "geometry": { "type": "Polygon", "coordinates": [ [ [ -63.079434549384537, 18.1797387885129 ], [ -63.079434549384537, 18.179491596913245 ], [ -63.079745474418871, 18.179491596913245 ], [ -63.079745474418871, 18.1797387885129 ], [ -63.079434549384537, 18.1797387885129 ] ] ] } },
{ "type": "Feature", "properties": { "PLOTID": "110", "ExtraInfo": "Anguilla" }, "geometry": { "type": "Polygon", "coordinates": [ [ [ -63.086274900139934, 18.200009663193534 ], [ -63.086274900139934, 18.199762443550931 ], [ -63.086585825174268, 18.199762443550931 ], [ -63.086585825174268, 18.200009663193534 ], [ -63.086274900139934, 18.200009663193534 ] ] ] } },
{ "type": "Feature", "properties": { "PLOTID": "111", "ExtraInfo": "Anguilla" }, "geometry": { "type": "Polygon", "coordinates": [ [ [ -63.083787499865245, 18.191851595651659 ], [ -63.083787499865245, 18.191604387299439 ], [ -63.08409842489958, 18.191604387299439 ], [ -63.08409842489958, 18.191851595651659 ], [ -63.083787499865245, 18.191851595651659 ] ] ] } },
{ "type": "Feature", "properties": { "PLOTID": "112", "ExtraInfo": "Anguilla" }, "geometry": { "type": "Polygon", "coordinates": [ [ [ -63.041501695195493, 18.203965224023005 ], [ -63.041501695195493, 18.203717998903947 ], [ -63.041812620229827, 18.203717998903947 ], [ -63.041812620229827, 18.203965224023005 ], [ -63.041501695195493, 18.203965224023005 ] ] ] } },
{ "type": "Feature", "properties": { "PLOTID": "113", "ExtraInfo": "Anguilla" }, "geometry": { "type": "Polygon", "coordinates": [ [ [ -63.132602730256053, 18.182705114366623 ], [ -63.132602730256053, 18.18245791866563 ], [ -63.132913655290388, 18.18245791866563 ], [ -63.132913655290388, 18.182705114366623 ], [ -63.132602730256053, 18.182705114366623 ] ] ] } },
{ "type": "Feature", "properties": { "PLOTID": "114", "ExtraInfo": "Anguilla" }, "geometry": { "type": "Polygon", "coordinates": [ [ [ -63.133224580324722, 18.175042206551407 ], [ -63.133224580324722, 18.174795021443806 ], [ -63.133535505359056, 18.174795021443806 ], [ -63.133535505359056, 18.175042206551407 ], [ -63.133224580324722, 18.175042206551407 ] ] ] } },
{ "type": "Feature", "properties": { "PLOTID": "115", "ExtraInfo": "Anguilla" }, "geometry": { "type": "Polygon", "coordinates": [ [ [ -63.053005921465932, 18.239816492864477 ], [ -63.053005921465932, 18.239569218045546 ], [ -63.053316846500266, 18.239569218045546 ], [ -63.053316846500266, 18.239816492864477 ], [ -63.053005921465932, 18.239816492864477 ] ] ] } },
{ "type": "Feature", "properties": { "PLOTID": "116", "ExtraInfo": "Anguilla" }, "geometry": { "type": "Polygon", "coordinates": [ [ [ -62.995795715148041, 18.244514779637523 ], [ -62.995795715148041, 18.244267498296914 ], [ -62.996106640182376, 18.244267498296914 ], [ -62.996106640182376, 18.244514779637523 ], [ -62.995795715148041, 18.244514779637523 ] ] ] } },
{ "type": "Feature", "properties": { "PLOTID": "117", "ExtraInfo": "Anguilla" }, "geometry": { "type": "Polygon", "coordinates": [ [ [ -62.925526657388019, 18.288783675962172 ], [ -62.925526657388019, 18.288536333074809 ], [ -62.925837582422353, 18.288536333074809 ], [ -62.925837582422353, 18.288783675962172 ], [ -62.925526657388019, 18.288783675962172 ] ] ] } },
{ "type": "Feature", "properties": { "PLOTID": "118", "ExtraInfo": "Anguilla" }, "geometry": { "type": "Polygon", "coordinates": [ [ [ -63.091871550757993, 18.182705114366623 ], [ -63.091871550757993, 18.18245791866563 ], [ -63.092182475792328, 18.18245791866563 ], [ -63.092182475792328, 18.182705114366623 ], [ -63.091871550757993, 18.182705114366623 ] ] ] } },
{ "type": "Feature", "properties": { "PLOTID": "119", "ExtraInfo": "Anguilla" }, "geometry": { "type": "Polygon", "coordinates": [ [ [ -63.047409270847886, 18.238580122201625 ], [ -63.047409270847886, 18.238332849098576 ], [ -63.047720195882221, 18.238332849098576 ], [ -63.047720195882221, 18.238580122201625 ], [ -63.047409270847886, 18.238580122201625 ] ] ] } },
{ "type": "Feature", "properties": { "PLOTID": "120", "ExtraInfo": "Anguilla" }, "geometry": { "type": "Polygon", "coordinates": [ [ [ -62.992997389839019, 18.234623793728193 ], [ -62.992997389839019, 18.234376526114929 ], [ -62.993308314873353, 18.234376526114929 ], [ -62.993308314873353, 18.234623793728193 ], [ -62.992997389839019, 18.234623793728193 ] ] ] } },
{ "type": "Feature", "properties": { "PLOTID": "121", "ExtraInfo": "Anguilla" }, "geometry": { "type": "Polygon", "coordinates": [ [ [ -63.007921791487163, 18.240558319380447 ], [ -63.007921791487163, 18.240311043531921 ], [ -63.008232716521498, 18.240311043531921 ], [ -63.008232716521498, 18.240558319380447 ], [ -63.007921791487163, 18.240558319380447 ] ] ] } },
{ "type": "Feature", "properties": { "PLOTID": "122", "ExtraInfo": "Anguilla" }, "geometry": { "type": "Polygon", "coordinates": [ [ [ -63.034039494371413, 18.226464143594423 ], [ -63.034039494371413, 18.226216887299042 ], [ -63.034350419405747, 18.226216887299042 ], [ -63.034350419405747, 18.226464143594423 ], [ -63.034039494371413, 18.226464143594423 ] ] ] } },
{ "type": "Feature", "properties": { "PLOTID": "123", "ExtraInfo": "Anguilla" }, "geometry": { "type": "Polygon", "coordinates": [ [ [ -62.946358634688558, 18.284084219983484 ], [ -62.946358634688558, 18.283836883638095 ], [ -62.946669559722892, 18.283836883638095 ], [ -62.946669559722892, 18.284084219983484 ], [ -62.946358634688558, 18.284084219983484 ] ] ] } },
{ "type": "Feature", "properties": { "PLOTID": "124", "ExtraInfo": "Anguilla" }, "geometry": { "type": "Polygon", "coordinates": [ [ [ -63.092493400826662, 18.203470774127215 ], [ -63.092493400826662, 18.203223549692794 ], [ -63.092804325860996, 18.203223549692794 ], [ -63.092804325860996, 18.203470774127215 ], [ -63.092493400826662, 18.203470774127215 ] ] ] } },
{ "type": "Feature", "properties": { "PLOTID": "125", "ExtraInfo": "Anguilla" }, "geometry": { "type": "Polygon", "coordinates": [ [ [ -62.926148507456688, 18.291751817473319 ], [ -62.926148507456688, 18.291504470453084 ], [ -62.926459432491022, 18.291504470453084 ], [ -62.926459432491022, 18.291751817473319 ], [ -62.926148507456688, 18.291751817473319 ] ] ] } },
{ "type": "Feature", "properties": { "PLOTID": "126", "ExtraInfo": "Anguilla" }, "geometry": { "type": "Polygon", "coordinates": [ [ [ -62.93454348338377, 18.293977956156215 ], [ -62.93454348338377, 18.293730606035751 ], [ -62.934854408418104, 18.293730606035751 ], [ -62.934854408418104, 18.293977956156215 ], [ -62.93454348338377, 18.293977956156215 ] ] ] } },
{ "type": "Feature", "properties": { "PLOTID": "127", "ExtraInfo": "Anguilla" }, "geometry": { "type": "Polygon", "coordinates": [ [ [ -62.95475361061564, 18.27419103462724 ], [ -62.95475361061564, 18.273943712047366 ], [ -62.955064535649974, 18.273943712047366 ], [ -62.955064535649974, 18.27419103462724 ], [ -62.95475361061564, 18.27419103462724 ] ] ] } },
{ "type": "Feature", "properties": { "PLOTID": "128", "ExtraInfo": "Anguilla" }, "geometry": { "type": "Polygon", "coordinates": [ [ [ -63.092493400826662, 18.203223549692794 ], [ -63.092493400826662, 18.202976325600691 ], [ -63.092804325860996, 18.202976325600691 ], [ -63.092804325860996, 18.203223549692794 ], [ -63.092493400826662, 18.203223549692794 ] ] ] } },
{ "type": "Feature", "properties": { "PLOTID": "129", "ExtraInfo": "Anguilla" }, "geometry": { "type": "Polygon", "coordinates": [ [ [ -63.058291647049657, 18.245009343348659 ], [ -63.058291647049657, 18.244762061321431 ], [ -63.058602572083991, 18.244762061321431 ], [ -63.058602572083991, 18.245009343348659 ], [ -63.058291647049657, 18.245009343348659 ] ] ] } },
{ "type": "Feature", "properties": { "PLOTID": "130", "ExtraInfo": "Anguilla" }, "geometry": { "type": "Polygon", "coordinates": [ [ [ -63.08036732448754, 18.198773568402753 ], [ -63.08036732448754, 18.19852635047123 ], [ -63.080678249521874, 18.19852635047123 ], [ -63.080678249521874, 18.198773568402753 ], [ -63.08036732448754, 18.198773568402753 ] ] ] } },
{ "type": "Feature", "properties": { "PLOTID": "131", "ExtraInfo": "Anguilla" }, "geometry": { "type": "Polygon", "coordinates": [ [ [ -63.135401055565076, 18.173064735255867 ], [ -63.135401055565076, 18.172817552881124 ], [ -63.13571198059941, 18.172817552881124 ], [ -63.13571198059941, 18.173064735255867 ], [ -63.135401055565076, 18.173064735255867 ] ] ] } },
{ "type": "Feature", "properties": { "PLOTID": "132", "ExtraInfo": "Anguilla" }, "geometry": { "type": "Polygon", "coordinates": [ [ [ -63.033728569337079, 18.243278376367424 ], [ -63.033728569337079, 18.243031096743259 ], [ -63.034039494371413, 18.243031096743259 ], [ -63.034039494371413, 18.243278376367424 ], [ -63.033728569337079, 18.243278376367424 ] ] ] } },
{ "type": "Feature", "properties": { "PLOTID": "133", "ExtraInfo": "Anguilla" }, "geometry": { "type": "Polygon", "coordinates": [ [ [ -62.969678012263785, 18.26256724515715 ], [ -62.969678012263785, 18.262319938739555 ], [ -62.969988937298119, 18.262319938739555 ], [ -62.969988937298119, 18.26256724515715 ], [ -62.969678012263785, 18.26256724515715 ] ] ] } },
{ "type": "Feature", "properties": { "PLOTID": "134", "ExtraInfo": "Anguilla" }, "geometry": { "type": "Polygon", "coordinates": [ [ [ -63.015073067276894, 18.231162078358924 ], [ -63.015073067276894, 18.230914815547973 ], [ -63.015383992311229, 18.230914815547973 ], [ -63.015383992311229, 18.231162078358924 ], [ -63.015073067276894, 18.231162078358924 ] ] ] } },
{ "type": "Feature", "properties": { "PLOTID": "135", "ExtraInfo": "Anguilla" }, "geometry": { "type": "Polygon", "coordinates": [ [ [ -63.01476214224256, 18.208662566334432 ], [ -63.01476214224256, 18.2084153347101 ], [ -63.015073067276894, 18.2084153347101 ], [ -63.015073067276894, 18.208662566334432 ], [ -63.01476214224256, 18.208662566334432 ] ] ] } },
{ "type": "Feature", "properties": { "PLOTID": "136", "ExtraInfo": "Anguilla" }, "geometry": { "type": "Polygon", "coordinates": [ [ [ -63.012585667002206, 18.251191505623019 ], [ -63.012585667002206, 18.25094421501106 ], [ -63.01289659203654, 18.25094421501106 ], [ -63.01289659203654, 18.251191505623019 ], [ -63.012585667002206, 18.251191505623019 ] ] ] } },
{ "type": "Feature", "properties": { "PLOTID": "137", "ExtraInfo": "Anguilla" }, "geometry": { "type": "Polygon", "coordinates": [ [ [ -63.067619398079749, 18.237838303921926 ], [ -63.067619398079749, 18.237591031848318 ], [ -63.067930323114084, 18.237591031848318 ], [ -63.067930323114084, 18.237838303921926 ], [ -63.067619398079749, 18.237838303921926 ] ] ] } },
{ "type": "Feature", "properties": { "PLOTID": "138", "ExtraInfo": "Anguilla" }, "geometry": { "type": "Polygon", "coordinates": [ [ [ -63.035594119543099, 18.19852635047123 ], [ -63.035594119543099, 18.198279132881908 ], [ -63.035905044577433, 18.198279132881908 ], [ -63.035905044577433, 18.19852635047123 ], [ -63.035594119543099, 18.19852635047123 ] ] ] } },
{ "type": "Feature", "properties": { "PLOTID": "139", "ExtraInfo": "Anguilla" }, "geometry": { "type": "Polygon", "coordinates": [ [ [ -62.988955364392645, 18.250202345235941 ], [ -62.988955364392645, 18.249955055997795 ], [ -62.989266289426979, 18.249955055997795 ], [ -62.989266289426979, 18.250202345235941 ], [ -62.988955364392645, 18.250202345235941 ] ] ] } },
{ "type": "Feature", "properties": { "PLOTID": "140", "ExtraInfo": "Anguilla" }, "geometry": { "type": "Polygon", "coordinates": [ [ [ -63.01476214224256, 18.227700430214512 ], [ -63.01476214224256, 18.227453172204722 ], [ -63.015073067276894, 18.227453172204722 ], [ -63.015073067276894, 18.227700430214512 ], [ -63.01476214224256, 18.227700430214512 ] ] ] } },
{ "type": "Feature", "properties": { "PLOTID": "141", "ExtraInfo": "Anguilla" }, "geometry": { "type": "Polygon", "coordinates": [ [ [ -63.035594119543099, 18.232151133032602 ], [ -63.035594119543099, 18.231903868849692 ], [ -63.035905044577433, 18.231903868849692 ], [ -63.035905044577433, 18.232151133032602 ], [ -63.035594119543099, 18.232151133032602 ] ] ] } },
{ "type": "Feature", "properties": { "PLOTID": "142", "ExtraInfo": "Anguilla" }, "geometry": { "type": "Polygon", "coordinates": [ [ [ -63.030308393959388, 18.237838303921926 ], [ -63.030308393959388, 18.237591031848318 ], [ -63.030619318993722, 18.237591031848318 ], [ -63.030619318993722, 18.237838303921926 ], [ -63.030308393959388, 18.237838303921926 ] ] ] } },
{ "type": "Feature", "properties": { "PLOTID": "143", "ExtraInfo": "Anguilla" }, "geometry": { "type": "Polygon", "coordinates": [ [ [ -63.036215969611767, 18.226464143594423 ], [ -63.036215969611767, 18.226216887299042 ], [ -63.036526894646116, 18.226216887299042 ], [ -63.036526894646116, 18.226464143594423 ], [ -63.036215969611767, 18.226464143594423 ] ] ] } },
{ "type": "Feature", "properties": { "PLOTID": "144", "ExtraInfo": "Anguilla" }, "geometry": { "type": "Polygon", "coordinates": [ [ [ -63.11705647853924, 18.188637913749627 ], [ -63.11705647853924, 18.188390709843354 ], [ -63.117367403573574, 18.188390709843354 ], [ -63.117367403573574, 18.188637913749627 ], [ -63.11705647853924, 18.188637913749627 ] ] ] } },
{ "type": "Feature", "properties": { "PLOTID": "145", "ExtraInfo": "Anguilla" }, "geometry": { "type": "Polygon", "coordinates": [ [ [ -63.005745316246809, 18.227453172204722 ], [ -63.005745316246809, 18.227205914537819 ], [ -63.006056241281144, 18.227205914537819 ], [ -63.006056241281144, 18.227453172204722 ], [ -63.005745316246809, 18.227453172204722 ] ] ] } },
{ "type": "Feature", "properties": { "PLOTID": "146", "ExtraInfo": "Anguilla" }, "geometry": { "type": "Polygon", "coordinates": [ [ [ -63.05922442215266, 18.227453172204722 ], [ -63.05922442215266, 18.227205914537819 ], [ -63.059535347186994, 18.227205914537819 ], [ -63.059535347186994, 18.227453172204722 ], [ -63.05922442215266, 18.227453172204722 ] ] ] } },
{ "type": "Feature", "properties": { "PLOTID": "147", "ExtraInfo": "Anguilla" }, "geometry": { "type": "Polygon", "coordinates": [ [ [ -63.124518679363305, 18.174300652253493 ], [ -63.124518679363305, 18.174053468170762 ], [ -63.12482960439764, 18.174053468170762 ], [ -63.12482960439764, 18.174300652253493 ], [ -63.124518679363305, 18.174300652253493 ] ] ] } },
{ "type": "Feature", "properties": { "PLOTID": "148", "ExtraInfo": "Anguilla" }, "geometry": { "type": "Polygon", "coordinates": [ [ [ -63.010720116796186, 18.259104986588532 ], [ -63.010720116796186, 18.258857684982683 ], [ -63.011031041830535, 18.258857684982683 ], [ -63.011031041830535, 18.259104986588532 ], [ -63.010720116796186, 18.259104986588532 ] ] ] } },
{ "type": "Feature", "properties": { "PLOTID": "149", "ExtraInfo": "Anguilla" }, "geometry": { "type": "Polygon", "coordinates": [ [ [ -63.029686543890705, 18.245998474890794 ], [ -63.029686543890705, 18.245751191490267 ], [ -63.029997468925053, 18.245751191490267 ], [ -63.029997468925053, 18.245998474890794 ], [ -63.029686543890705, 18.245998474890794 ] ] ] } },
{ "type": "Feature", "properties": { "PLOTID": "150", "ExtraInfo": "Anguilla" }, "geometry": { "type": "Polygon", "coordinates": [ [ [ -63.095291726135684, 18.184435493844855 ], [ -63.095291726135684, 18.184188295751007 ], [ -63.095602651170019, 18.184188295751007 ], [ -63.095602651170019, 18.184435493844855 ], [ -63.095291726135684, 18.184435493844855 ] ] ] } },
{ "type": "Feature", "properties": { "PLOTID": "151", "ExtraInfo": "Anguilla" }, "geometry": { "type": "Polygon", "coordinates": [ [ [ -63.085653050071265, 18.171581646130999 ], [ -63.085653050071265, 18.171334465805643 ], [ -63.085963975105599, 18.171334465805643 ], [ -63.085963975105599, 18.171581646130999 ], [ -63.085653050071265, 18.171581646130999 ] ] ] } },
{ "type": "Feature", "properties": { "PLOTID": "152", "ExtraInfo": "Anguilla" }, "geometry": { "type": "Polygon", "coordinates": [ [ [ -62.958173785993331, 18.288288990531822 ], [ -62.958173785993331, 18.288041648333191 ], [ -62.95848471102768, 18.288041648333191 ], [ -62.95848471102768, 18.288288990531822 ], [ -62.958173785993331, 18.288288990531822 ] ] ] } },
{ "type": "Feature", "properties": { "PLOTID": "153", "ExtraInfo": "Anguilla" }, "geometry": { "type": "Polygon", "coordinates": [ [ [ -62.989266289426979, 18.227453172204722 ], [ -62.989266289426979, 18.227205914537819 ], [ -62.989577214461313, 18.227205914537819 ], [ -62.989577214461313, 18.227453172204722 ], [ -62.989266289426979, 18.227453172204722 ] ] ] } },
{ "type": "Feature", "properties": { "PLOTID": "154", "ExtraInfo": "Anguilla" }, "geometry": { "type": "Polygon", "coordinates": [ [ [ -63.052073146362929, 18.190368350668724 ], [ -63.052073146362929, 18.190121144368607 ], [ -63.052384071397263, 18.190121144368607 ], [ -63.052384071397263, 18.190368350668724 ], [ -63.052073146362929, 18.190368350668724 ] ] ] } },
{ "type": "Feature", "properties": { "PLOTID": "155", "ExtraInfo": "Anguilla" }, "geometry": { "type": "Polygon", "coordinates": [ [ [ -62.994862940045039, 18.238332849098576 ], [ -62.994862940045039, 18.238085576338676 ], [ -62.995173865079373, 18.238085576338676 ], [ -62.995173865079373, 18.238332849098576 ], [ -62.994862940045039, 18.238332849098576 ] ] ] } },
{ "type": "Feature", "properties": { "PLOTID": "156", "ExtraInfo": "Anguilla" }, "geometry": { "type": "Polygon", "coordinates": [ [ [ -63.009476416658849, 18.24130014898531 ], [ -63.009476416658849, 18.241052872107133 ], [ -63.009787341693183, 18.241052872107133 ], [ -63.009787341693183, 18.24130014898531 ], [ -63.009476416658849, 18.24130014898531 ] ] ] } },
{ "type": "Feature", "properties": { "PLOTID": "157", "ExtraInfo": "Anguilla" }, "geometry": { "type": "Polygon", "coordinates": [ [ [ -63.085653050071265, 18.197290265946481 ], [ -63.085653050071265, 18.197043050068061 ], [ -63.085963975105599, 18.197043050068061 ], [ -63.085963975105599, 18.197290265946481 ], [ -63.085653050071265, 18.197290265946481 ] ] ] } },
{ "type": "Feature", "properties": { "PLOTID": "158", "ExtraInfo": "Anguilla" }, "geometry": { "type": "Polygon", "coordinates": [ [ [ -63.013518442105209, 18.22943124588463 ], [ -63.013518442105209, 18.229183985474403 ], [ -63.013829367139557, 18.229183985474403 ], [ -63.013829367139557, 18.22943124588463 ], [ -63.013518442105209, 18.22943124588463 ] ] ] } },
{ "type": "Feature", "properties": { "PLOTID": "159", "ExtraInfo": "Anguilla" }, "geometry": { "type": "Polygon", "coordinates": [ [ [ -62.974341887778827, 18.267513445702615 ], [ -62.974341887778827, 18.267266132409066 ], [ -62.974652812813162, 18.267266132409066 ], [ -62.974652812813162, 18.267513445702615 ], [ -62.974341887778827, 18.267513445702615 ] ] ] } },
{ "type": "Feature", "properties": { "PLOTID": "160", "ExtraInfo": "Anguilla" }, "geometry": { "type": "Polygon", "coordinates": [ [ [ -63.011963816933537, 18.250202345235941 ], [ -63.011963816933537, 18.249955055997795 ], [ -63.012274741967872, 18.249955055997795 ], [ -63.012274741967872, 18.250202345235941 ], [ -63.011963816933537, 18.250202345235941 ] ] ] } },
{ "type": "Feature", "properties": { "PLOTID": "161", "ExtraInfo": "Anguilla" }, "geometry": { "type": "Polygon", "coordinates": [ [ [ -63.025333593409997, 18.246493042721887 ], [ -63.025333593409997, 18.246245758634668 ], [ -63.025644518444331, 18.246245758634668 ], [ -63.025644518444331, 18.246493042721887 ], [ -63.025333593409997, 18.246493042721887 ] ] ] } },
{ "type": "Feature", "properties": { "PLOTID": "162", "ExtraInfo": "Anguilla" }, "geometry": { "type": "Polygon", "coordinates": [ [ [ -62.944804009516872, 18.29051508581647 ], [ -62.944804009516872, 18.290267740518377 ], [ -62.945114934551206, 18.290267740518377 ], [ -62.945114934551206, 18.29051508581647 ], [ -62.944804009516872, 18.29051508581647 ] ] ] } },
{ "type": "Feature", "properties": { "PLOTID": "163", "ExtraInfo": "Anguilla" }, "geometry": { "type": "Polygon", "coordinates": [ [ [ -63.044921870573184, 18.215585190868932 ], [ -63.044921870573184, 18.215337949653968 ], [ -63.045232795607518, 18.215337949653968 ], [ -63.045232795607518, 18.215585190868932 ], [ -63.044921870573184, 18.215585190868932 ] ] ] } },
{ "type": "Feature", "properties": { "PLOTID": "164", "ExtraInfo": "Anguilla" }, "geometry": { "type": "Polygon", "coordinates": [ [ [ -63.133224580324722, 18.186907493586595 ], [ -63.133224580324722, 18.186660292073888 ], [ -63.133535505359056, 18.186660292073888 ], [ -63.133535505359056, 18.186907493586595 ], [ -63.133224580324722, 18.186907493586595 ] ] ] } },
{ "type": "Feature", "properties": { "PLOTID": "165", "ExtraInfo": "Anguilla" }, "geometry": { "type": "Polygon", "coordinates": [ [ [ -63.013829367139557, 18.249707767103082 ], [ -63.013829367139557, 18.2494604785518 ], [ -63.014140292173892, 18.2494604785518 ], [ -63.014140292173892, 18.249707767103082 ], [ -63.013829367139557, 18.249707767103082 ] ] ] } },
{ "type": "Feature", "properties": { "PLOTID": "166", "ExtraInfo": "Anguilla" }, "geometry": { "type": "Polygon", "coordinates": [ [ [ -63.031552094096725, 18.237591031848318 ], [ -63.031552094096725, 18.237343760117852 ], [ -63.031863019131059, 18.237343760117852 ], [ -63.031863019131059, 18.237591031848318 ], [ -63.031552094096725, 18.237591031848318 ] ] ] } },
{ "type": "Feature", "properties": { "PLOTID": "167", "ExtraInfo": "Anguilla" }, "geometry": { "type": "Polygon", "coordinates": [ [ [ -63.092493400826662, 18.179985980454294 ], [ -63.092493400826662, 18.1797387885129 ], [ -63.092804325860996, 18.1797387885129 ], [ -63.092804325860996, 18.179985980454294 ], [ -63.092493400826662, 18.179985980454294 ] ] ] } },
{ "type": "Feature", "properties": { "PLOTID": "168", "ExtraInfo": "Anguilla" }, "geometry": { "type": "Polygon", "coordinates": [ [ [ -63.056115171809296, 18.242536538524728 ], [ -63.056115171809296, 18.242289259930352 ], [ -63.056426096843637, 18.242289259930352 ], [ -63.056426096843637, 18.242536538524728 ], [ -63.056115171809296, 18.242536538524728 ] ] ] } },
{ "type": "Feature", "properties": { "PLOTID": "169", "ExtraInfo": "Anguilla" }, "geometry": { "type": "Polygon", "coordinates": [ [ [ -63.008543641555832, 18.231656605009771 ], [ -63.008543641555832, 18.231409341512851 ], [ -63.008854566590166, 18.231409341512851 ], [ -63.008854566590166, 18.231656605009771 ], [ -63.008543641555832, 18.231656605009771 ] ] ] } },
{ "type": "Feature", "properties": { "PLOTID": "170", "ExtraInfo": "Anguilla" }, "geometry": { "type": "Polygon", "coordinates": [ [ [ -62.937652733727141, 18.293483256259787 ], [ -62.937652733727141, 18.293235906828301 ], [ -62.937963658761475, 18.293235906828301 ], [ -62.937963658761475, 18.293483256259787 ], [ -62.937652733727141, 18.293483256259787 ] ] ] } },
{ "type": "Feature", "properties": { "PLOTID": "171", "ExtraInfo": "Anguilla" }, "geometry": { "type": "Polygon", "coordinates": [ [ [ -63.042123545264161, 18.243278376367424 ], [ -63.042123545264161, 18.243031096743259 ], [ -63.042434470298495, 18.243031096743259 ], [ -63.042434470298495, 18.243278376367424 ], [ -63.042123545264161, 18.243278376367424 ] ] ] } },
{ "type": "Feature", "properties": { "PLOTID": "172", "ExtraInfo": "Anguilla" }, "geometry": { "type": "Polygon", "coordinates": [ [ [ -63.031552094096725, 18.205943037299818 ], [ -63.031552094096725, 18.205695809441963 ], [ -63.031863019131059, 18.205695809441963 ], [ -63.031863019131059, 18.205943037299818 ], [ -63.031552094096725, 18.205943037299818 ] ] ] } },
{ "type": "Feature", "properties": { "PLOTID": "173", "ExtraInfo": "Anguilla" }, "geometry": { "type": "Polygon", "coordinates": [ [ [ -63.085342125036931, 18.173311917972196 ], [ -63.085342125036931, 18.173064735255867 ], [ -63.085653050071265, 18.173064735255867 ], [ -63.085653050071265, 18.173311917972196 ], [ -63.085342125036931, 18.173311917972196 ] ] ] } },
{ "type": "Feature", "properties": { "PLOTID": "174", "ExtraInfo": "Anguilla" }, "geometry": { "type": "Polygon", "coordinates": [ [ [ -63.029064693822036, 18.207179181724879 ], [ -63.029064693822036, 18.206931952155077 ], [ -63.029375618856371, 18.206931952155077 ], [ -63.029375618856371, 18.207179181724879 ], [ -63.029064693822036, 18.207179181724879 ] ] ] } },
{ "type": "Feature", "properties": { "PLOTID": "175", "ExtraInfo": "Anguilla" }, "geometry": { "type": "Polygon", "coordinates": [ [ [ -62.973720037710159, 18.270728549812233 ], [ -62.973720037710159, 18.270481232048038 ], [ -62.974030962744493, 18.270481232048038 ], [ -62.974030962744493, 18.270728549812233 ], [ -62.973720037710159, 18.270728549812233 ] ] ] } },
{ "type": "Feature", "properties": { "PLOTID": "176", "ExtraInfo": "Anguilla" }, "geometry": { "type": "Polygon", "coordinates": [ [ [ -63.091560625723659, 18.173806284429634 ], [ -63.091560625723659, 18.173559101030115 ], [ -63.091871550757993, 18.173559101030115 ], [ -63.091871550757993, 18.173806284429634 ], [ -63.091560625723659, 18.173806284429634 ] ] ] } },
{ "type": "Feature", "properties": { "PLOTID": "177", "ExtraInfo": "Anguilla" }, "geometry": { "type": "Polygon", "coordinates": [ [ [ -63.087518600277271, 18.201987432655258 ], [ -63.087518600277271, 18.201740210274622 ], [ -63.087829525311605, 18.201740210274622 ], [ -63.087829525311605, 18.201987432655258 ], [ -63.087518600277271, 18.201987432655258 ] ] ] } },
{ "type": "Feature", "properties": { "PLOTID": "178", "ExtraInfo": "Anguilla" }, "geometry": { "type": "Polygon", "coordinates": [ [ [ -63.113014453092852, 18.183941097999018 ], [ -63.113014453092852, 18.183693900588867 ], [ -63.113325378127186, 18.183693900588867 ], [ -63.113325378127186, 18.183941097999018 ], [ -63.113014453092852, 18.183941097999018 ] ] ] } },
{ "type": "Feature", "properties": { "PLOTID": "179", "ExtraInfo": "Anguilla" }, "geometry": { "type": "Polygon", "coordinates": [ [ [ -63.084409349933914, 18.209404263262094 ], [ -63.084409349933914, 18.20915703061042 ], [ -63.084720274968248, 18.20915703061042 ], [ -63.084720274968248, 18.209404263262094 ], [ -63.084409349933914, 18.209404263262094 ] ] ] } },
{ "type": "Feature", "properties": { "PLOTID": "180", "ExtraInfo": "Anguilla" }, "geometry": { "type": "Polygon", "coordinates": [ [ [ -63.137266605771096, 18.186660292073888 ], [ -63.137266605771096, 18.186413090903088 ], [ -63.13757753080543, 18.186413090903088 ], [ -63.13757753080543, 18.186660292073888 ], [ -63.137266605771096, 18.186660292073888 ] ] ] } },
{ "type": "Feature", "properties": { "PLOTID": "181", "ExtraInfo": "Anguilla" }, "geometry": { "type": "Polygon", "coordinates": [ [ [ -62.943249384345201, 18.289525706690512 ], [ -62.943249384345201, 18.289278362770016 ], [ -62.943560309379535, 18.289278362770016 ], [ -62.943560309379535, 18.289525706690512 ], [ -62.943249384345201, 18.289525706690512 ] ] ] } },
{ "type": "Feature", "properties": { "PLOTID": "182", "ExtraInfo": "Anguilla" }, "geometry": { "type": "Polygon", "coordinates": [ [ [ -63.057047946912306, 18.234376526114929 ], [ -63.057047946912306, 18.234129258844728 ], [ -63.05735887194664, 18.234129258844728 ], [ -63.05735887194664, 18.234376526114929 ], [ -63.057047946912306, 18.234376526114929 ] ] ] } },
{ "type": "Feature", "properties": { "PLOTID": "183", "ExtraInfo": "Anguilla" }, "geometry": { "type": "Polygon", "coordinates": [ [ [ -62.985846114049281, 18.259352288538039 ], [ -62.985846114049281, 18.259104986588532 ], [ -62.986157039083615, 18.259104986588532 ], [ -62.986157039083615, 18.259352288538039 ], [ -62.985846114049281, 18.259352288538039 ] ] ] } },
{ "type": "Feature", "properties": { "PLOTID": "184", "ExtraInfo": "Anguilla" }, "geometry": { "type": "Polygon", "coordinates": [ [ [ -63.007299941418481, 18.246493042721887 ], [ -63.007299941418481, 18.246245758634668 ], [ -63.007610866452829, 18.246245758634668 ], [ -63.007610866452829, 18.246493042721887 ], [ -63.007299941418481, 18.246493042721887 ] ] ] } },
{ "type": "Feature", "properties": { "PLOTID": "185", "ExtraInfo": "Anguilla" }, "geometry": { "type": "Polygon", "coordinates": [ [ [ -63.013518442105209, 18.223744343201805 ], [ -63.013518442105209, 18.223497090677615 ], [ -63.013829367139557, 18.223497090677615 ], [ -63.013829367139557, 18.223744343201805 ], [ -63.013518442105209, 18.223744343201805 ] ] ] } },
{ "type": "Feature", "properties": { "PLOTID": "186", "ExtraInfo": "Anguilla" }, "geometry": { "type": "Polygon", "coordinates": [ [ [ -63.01289659203654, 18.259352288538039 ], [ -63.01289659203654, 18.259104986588532 ], [ -63.013207517070875, 18.259104986588532 ], [ -63.013207517070875, 18.259352288538039 ], [ -63.01289659203654, 18.259352288538039 ] ] ] } },
{ "type": "Feature", "properties": { "PLOTID": "187", "ExtraInfo": "Anguilla" }, "geometry": { "type": "Polygon", "coordinates": [ [ [ -63.020669717894954, 18.243278376367424 ], [ -63.020669717894954, 18.243031096743259 ], [ -63.020980642929288, 18.243031096743259 ], [ -63.020980642929288, 18.243278376367424 ], [ -63.020669717894954, 18.243278376367424 ] ] ] } },
{ "type": "Feature", "properties": { "PLOTID": "188", "ExtraInfo": "Anguilla" }, "geometry": { "type": "Polygon", "coordinates": [ [ [ -63.072905123663467, 18.203470774127215 ], [ -63.072905123663467, 18.203223549692794 ], [ -63.073216048697809, 18.203223549692794 ], [ -63.073216048697809, 18.203470774127215 ], [ -63.072905123663467, 18.203470774127215 ] ] ] } },
{ "type": "Feature", "properties": { "PLOTID": "189", "ExtraInfo": "Anguilla" }, "geometry": { "type": "Polygon", "coordinates": [ [ [ -63.145972506732512, 18.178750024164717 ], [ -63.145972506732512, 18.178502833931994 ], [ -63.146283431766847, 18.178502833931994 ], [ -63.146283431766847, 18.178750024164717 ], [ -63.145972506732512, 18.178750024164717 ] ] ] } },
{ "type": "Feature", "properties": { "PLOTID": "190", "ExtraInfo": "Anguilla" }, "geometry": { "type": "Polygon", "coordinates": [ [ [ -63.013207517070875, 18.251933379519709 ], [ -63.013207517070875, 18.251686087877335 ], [ -63.013518442105209, 18.251686087877335 ], [ -63.013518442105209, 18.251933379519709 ], [ -63.013207517070875, 18.251933379519709 ] ] ] } },
{ "type": "Feature", "properties": { "PLOTID": "191", "ExtraInfo": "Anguilla" }, "geometry": { "type": "Polygon", "coordinates": [ [ [ -62.987089814186625, 18.233140193194412 ], [ -62.987089814186625, 18.23289292763943 ], [ -62.987400739220966, 18.23289292763943 ], [ -62.987400739220966, 18.233140193194412 ], [ -62.987089814186625, 18.233140193194412 ] ] ] } },
{ "type": "Feature", "properties": { "PLOTID": "192", "ExtraInfo": "Anguilla" }, "geometry": { "type": "Polygon", "coordinates": [ [ [ -63.427359662806936, 18.591791378897248 ], [ -63.427359662806936, 18.591543610005115 ], [ -63.42767058784127, 18.591543610005115 ], [ -63.42767058784127, 18.591791378897248 ], [ -63.427359662806936, 18.591791378897248 ] ] ] } },
{ "type": "Feature", "properties": { "PLOTID": "193", "ExtraInfo": "Anguilla" }, "geometry": { "type": "Polygon", "coordinates": [ [ [ -63.053627771534615, 18.194818122558893 ], [ -63.053627771534615, 18.194570910101831 ], [ -63.053938696568949, 18.194570910101831 ], [ -63.053938696568949, 18.194818122558893 ], [ -63.053627771534615, 18.194818122558893 ] ] ] } },
{ "type": "Feature", "properties": { "PLOTID": "194", "ExtraInfo": "Anguilla" }, "geometry": { "type": "Polygon", "coordinates": [ [ [ -63.071350498491789, 18.212371081795762 ], [ -63.071350498491789, 18.212123845034174 ], [ -63.071661423526123, 18.212123845034174 ], [ -63.071661423526123, 18.212371081795762 ], [ -63.071350498491789, 18.212371081795762 ] ] ] } },
{ "type": "Feature", "properties": { "PLOTID": "195", "ExtraInfo": "Anguilla" }, "geometry": { "type": "Polygon", "coordinates": [ [ [ -63.020669717894954, 18.256631985993664 ], [ -63.020669717894954, 18.256384687824063 ], [ -63.020980642929288, 18.256384687824063 ], [ -63.020980642929288, 18.256631985993664 ], [ -63.020669717894954, 18.256631985993664 ] ] ] } },
{ "type": "Feature", "properties": { "PLOTID": "196", "ExtraInfo": "Anguilla" }, "geometry": { "type": "Polygon", "coordinates": [ [ [ -63.114880003298872, 18.187154695441226 ], [ -63.114880003298872, 18.186907493586595 ], [ -63.11519092833322, 18.186907493586595 ], [ -63.11519092833322, 18.187154695441226 ], [ -63.114880003298872, 18.187154695441226 ] ] ] } },
{ "type": "Feature", "properties": { "PLOTID": "197", "ExtraInfo": "Anguilla" }, "geometry": { "type": "Polygon", "coordinates": [ [ [ -63.042745395332844, 18.229678506637796 ], [ -63.042745395332844, 18.22943124588463 ], [ -63.043056320367178, 18.22943124588463 ], [ -63.043056320367178, 18.229678506637796 ], [ -63.042745395332844, 18.229678506637796 ] ] ] } },
{ "type": "Feature", "properties": { "PLOTID": "198", "ExtraInfo": "Anguilla" }, "geometry": { "type": "Polygon", "coordinates": [ [ [ -63.06202274746169, 18.203965224023005 ], [ -63.06202274746169, 18.203717998903947 ], [ -63.062333672496024, 18.203717998903947 ], [ -63.062333672496024, 18.203965224023005 ], [ -63.06202274746169, 18.203965224023005 ] ] ] } },
{ "type": "Feature", "properties": { "PLOTID": "199", "ExtraInfo": "Anguilla" }, "geometry": { "type": "Polygon", "coordinates": [ [ [ -63.131669955153036, 18.185671489442115 ], [ -63.131669955153036, 18.185424289638906 ], [ -63.131980880187371, 18.185424289638906 ], [ -63.131980880187371, 18.185671489442115 ], [ -63.131669955153036, 18.185671489442115 ] ] ] } },
{ "type": "Feature", "properties": { "PLOTID": "200", "ExtraInfo": "Anguilla" }, "geometry": { "type": "Polygon", "coordinates": [ [ [ -63.071972348560458, 18.212371081795762 ], [ -63.071972348560458, 18.212123845034174 ], [ -63.072283273594792, 18.212123845034174 ], [ -63.072283273594792, 18.212371081795762 ], [ -63.071972348560458, 18.212371081795762 ] ] ] } },
{ "type": "Feature", "properties": { "PLOTID": "201", "ExtraInfo": "Anguilla" }, "geometry": { "type": "Polygon", "coordinates": [ [ [ -63.028131918719019, 18.237343760117852 ], [ -63.028131918719019, 18.237096488730522 ], [ -63.028442843753368, 18.237096488730522 ], [ -63.028442843753368, 18.237343760117852 ], [ -63.028131918719019, 18.237343760117852 ] ] ] } },
{ "type": "Feature", "properties": { "PLOTID": "202", "ExtraInfo": "Anguilla" }, "geometry": { "type": "Polygon", "coordinates": [ [ [ -63.245468517720163, 18.281858205267618 ], [ -63.245468517720163, 18.281610872020305 ], [ -63.245779442754497, 18.281610872020305 ], [ -63.245779442754497, 18.281858205267618 ], [ -63.245468517720163, 18.281858205267618 ] ] ] } },
{ "type": "Feature", "properties": { "PLOTID": "203", "ExtraInfo": "Anguilla" }, "geometry": { "type": "Polygon", "coordinates": [ [ [ -63.131980880187371, 18.186165890074193 ], [ -63.131980880187371, 18.185918689587211 ], [ -63.132291805221705, 18.185918689587211 ], [ -63.132291805221705, 18.186165890074193 ], [ -63.131980880187371, 18.186165890074193 ] ] ] } },
{ "type": "Feature", "properties": { "PLOTID": "204", "ExtraInfo": "Anguilla" }, "geometry": { "type": "Polygon", "coordinates": [ [ [ -63.076014374006832, 18.18171633361348 ], [ -63.076014374006832, 18.181469139279688 ], [ -63.076325299041166, 18.181469139279688 ], [ -63.076325299041166, 18.18171633361348 ], [ -63.076014374006832, 18.18171633361348 ] ] ] } },
{ "type": "Feature", "properties": { "PLOTID": "205", "ExtraInfo": "Anguilla" }, "geometry": { "type": "Polygon", "coordinates": [ [ [ -63.062644597530358, 18.230914815547973 ], [ -63.062644597530358, 18.230667553080011 ], [ -63.0629555225647, 18.230667553080011 ], [ -63.0629555225647, 18.230914815547973 ], [ -63.062644597530358, 18.230914815547973 ] ] ] } },
{ "type": "Feature", "properties": { "PLOTID": "206", "ExtraInfo": "Anguilla" }, "geometry": { "type": "Polygon", "coordinates": [ [ [ -63.095602651170019, 18.168615504767402 ], [ -63.095602651170019, 18.16836832854019 ], [ -63.095913576204353, 18.16836832854019 ], [ -63.095913576204353, 18.168615504767402 ], [ -63.095602651170019, 18.168615504767402 ] ] ] } },
{ "type": "Feature", "properties": { "PLOTID": "207", "ExtraInfo": "Anguilla" }, "geometry": { "type": "Polygon", "coordinates": [ [ [ -63.244846667651494, 18.282352872794881 ], [ -63.244846667651494, 18.282105538859138 ], [ -63.245157592685828, 18.282105538859138 ], [ -63.245157592685828, 18.282352872794881 ], [ -63.244846667651494, 18.282352872794881 ] ] ] } },
{ "type": "Feature", "properties": { "PLOTID": "208", "ExtraInfo": "Anguilla" }, "geometry": { "type": "Polygon", "coordinates": [ [ [ -63.044300020504515, 18.199268005292407 ], [ -63.044300020504515, 18.199020786676474 ], [ -63.044610945538849, 18.199020786676474 ], [ -63.044610945538849, 18.199268005292407 ], [ -63.044300020504515, 18.199268005292407 ] ] ] } },
{ "type": "Feature", "properties": { "PLOTID": "209", "ExtraInfo": "Anguilla" }, "geometry": { "type": "Polygon", "coordinates": [ [ [ -63.030619318993722, 18.246493042721887 ], [ -63.030619318993722, 18.246245758634668 ], [ -63.030930244028042, 18.246245758634668 ], [ -63.030930244028042, 18.246493042721887 ], [ -63.030619318993722, 18.246493042721887 ] ] ] } },
{ "type": "Feature", "properties": { "PLOTID": "210", "ExtraInfo": "Anguilla" }, "geometry": { "type": "Polygon", "coordinates": [ [ [ -63.057047946912306, 18.230914815547973 ], [ -63.057047946912306, 18.230667553080011 ], [ -63.05735887194664, 18.230667553080011 ], [ -63.05735887194664, 18.230914815547973 ], [ -63.057047946912306, 18.230914815547973 ] ] ] } },
{ "type": "Feature", "properties": { "PLOTID": "211", "ExtraInfo": "Anguilla" }, "geometry": { "type": "Polygon", "coordinates": [ [ [ -63.001081440731767, 18.25218067150557 ], [ -63.001081440731767, 18.251933379519709 ], [ -63.001392365766101, 18.251933379519709 ], [ -63.001392365766101, 18.25218067150557 ], [ -63.001081440731767, 18.25218067150557 ] ] ] } },
{ "type": "Feature", "properties": { "PLOTID": "212", "ExtraInfo": "Anguilla" }, "geometry": { "type": "Polygon", "coordinates": [ [ [ -63.025955443478665, 18.212371081795762 ], [ -63.025955443478665, 18.212123845034174 ], [ -63.026266368512999, 18.212123845034174 ], [ -63.026266368512999, 18.212371081795762 ], [ -63.025955443478665, 18.212371081795762 ] ] ] } },
{ "type": "Feature", "properties": { "PLOTID": "213", "ExtraInfo": "Anguilla" }, "geometry": { "type": "Polygon", "coordinates": [ [ [ -63.162140608518001, 18.163919214836554 ], [ -63.162140608518001, 18.163672045096316 ], [ -63.16245153355235, 18.163672045096316 ], [ -63.16245153355235, 18.163919214836554 ], [ -63.162140608518001, 18.163919214836554 ] ] ] } },
{ "type": "Feature", "properties": { "PLOTID": "214", "ExtraInfo": "Anguilla" }, "geometry": { "type": "Polygon", "coordinates": [ [ [ -63.015383992311229, 18.214348988220092 ], [ -63.015383992311229, 18.214101748718086 ], [ -63.015694917345577, 18.214101748718086 ], [ -63.015694917345577, 18.214348988220092 ], [ -63.015383992311229, 18.214348988220092 ] ] ] } },
{ "type": "Feature", "properties": { "PLOTID": "215", "ExtraInfo": "Anguilla" }, "geometry": { "type": "Polygon", "coordinates": [ [ [ -62.969678012263785, 18.270481232048038 ], [ -62.969678012263785, 18.270233914627767 ], [ -62.969988937298119, 18.270233914627767 ], [ -62.969988937298119, 18.270481232048038 ], [ -62.969678012263785, 18.270481232048038 ] ] ] } },
{ "type": "Feature", "properties": { "PLOTID": "216", "ExtraInfo": "Anguilla" }, "geometry": { "type": "Polygon", "coordinates": [ [ [ -63.08223287469356, 18.183693900588867 ], [ -63.08223287469356, 18.183446703520559 ], [ -63.082543799727894, 18.183446703520559 ], [ -63.082543799727894, 18.183693900588867 ], [ -63.08223287469356, 18.183693900588867 ] ] ] } },
{ "type": "Feature", "properties": { "PLOTID": "217", "ExtraInfo": "Anguilla" }, "geometry": { "type": "Polygon", "coordinates": [ [ [ -62.99455201501069, 18.258363082801939 ], [ -62.99455201501069, 18.258115782227033 ], [ -62.994862940045039, 18.258115782227033 ], [ -62.994862940045039, 18.258363082801939 ], [ -62.99455201501069, 18.258363082801939 ] ] ] } },
{ "type": "Feature", "properties": { "PLOTID": "218", "ExtraInfo": "Anguilla" }, "geometry": { "type": "Polygon", "coordinates": [ [ [ -63.062644597530358, 18.196795834531809 ], [ -63.062644597530358, 18.196548619337715 ], [ -63.0629555225647, 18.196548619337715 ], [ -63.0629555225647, 18.196795834531809 ], [ -63.062644597530358, 18.196795834531809 ] ] ] } },
{ "type": "Feature", "properties": { "PLOTID": "219", "ExtraInfo": "Anguilla" }, "geometry": { "type": "Polygon", "coordinates": [ [ [ -63.01476214224256, 18.232645662427469 ], [ -63.01476214224256, 18.23239839755853 ], [ -63.015073067276894, 18.23239839755853 ], [ -63.015073067276894, 18.232645662427469 ], [ -63.01476214224256, 18.232645662427469 ] ] ] } },
{ "type": "Feature", "properties": { "PLOTID": "220", "ExtraInfo": "Anguilla" }, "geometry": { "type": "Polygon", "coordinates": [ [ [ -63.065442922839395, 18.213360032267488 ], [ -63.065442922839395, 18.213112794135736 ], [ -63.065753847873729, 18.213112794135736 ], [ -63.065753847873729, 18.213360032267488 ], [ -63.065442922839395, 18.213360032267488 ] ] ] } },
{ "type": "Feature", "properties": { "PLOTID": "221", "ExtraInfo": "Anguilla" }, "geometry": { "type": "Polygon", "coordinates": [ [ [ -63.012585667002206, 18.231162078358924 ], [ -63.012585667002206, 18.230914815547973 ], [ -63.01289659203654, 18.230914815547973 ], [ -63.01289659203654, 18.231162078358924 ], [ -63.012585667002206, 18.231162078358924 ] ] ] } },
{ "type": "Feature", "properties": { "PLOTID": "222", "ExtraInfo": "Anguilla" }, "geometry": { "type": "Polygon", "coordinates": [ [ [ -63.001392365766101, 18.245751191490267 ], [ -63.001392365766101, 18.245503908433069 ], [ -63.001703290800435, 18.245503908433069 ], [ -63.001703290800435, 18.245751191490267 ], [ -63.001392365766101, 18.245751191490267 ] ] ] } },
{ "type": "Feature", "properties": { "PLOTID": "223", "ExtraInfo": "Anguilla" }, "geometry": { "type": "Polygon", "coordinates": [ [ [ -63.053316846500266, 18.220282839055642 ], [ -63.053316846500266, 18.220035591330095 ], [ -63.053627771534615, 18.220035591330095 ], [ -63.053627771534615, 18.220282839055642 ], [ -63.053316846500266, 18.220282839055642 ] ] ] } },
{ "type": "Feature", "properties": { "PLOTID": "224", "ExtraInfo": "Anguilla" }, "geometry": { "type": "Polygon", "coordinates": [ [ [ -62.981493163568565, 18.241794703771347 ], [ -62.981493163568565, 18.241547426206708 ], [ -62.9818040886029, 18.241547426206708 ], [ -62.9818040886029, 18.241794703771347 ], [ -62.981493163568565, 18.241794703771347 ] ] ] } },
{ "type": "Feature", "properties": { "PLOTID": "225", "ExtraInfo": "Anguilla" }, "geometry": { "type": "Polygon", "coordinates": [ [ [ -63.003257915972121, 18.258610383720487 ], [ -63.003257915972121, 18.258363082801939 ], [ -63.003568841006455, 18.258363082801939 ], [ -63.003568841006455, 18.258610383720487 ], [ -63.003257915972121, 18.258610383720487 ] ] ] } },
{ "type": "Feature", "properties": { "PLOTID": "226", "ExtraInfo": "Anguilla" }, "geometry": { "type": "Polygon", "coordinates": [ [ [ -63.077879924212851, 18.17578376392402 ], [ -63.077879924212851, 18.175536577791505 ], [ -63.078190849247186, 18.175536577791505 ], [ -63.078190849247186, 18.17578376392402 ], [ -63.077879924212851, 18.17578376392402 ] ] ] } },
{ "type": "Feature", "properties": { "PLOTID": "227", "ExtraInfo": "Anguilla" }, "geometry": { "type": "Polygon", "coordinates": [ [ [ -63.070728648423106, 18.235365598626412 ], [ -63.070728648423106, 18.235118329983933 ], [ -63.071039573457448, 18.235118329983933 ], [ -63.071039573457448, 18.235365598626412 ], [ -63.070728648423106, 18.235365598626412 ] ] ] } },
{ "type": "Feature", "properties": { "PLOTID": "228", "ExtraInfo": "Anguilla" }, "geometry": { "type": "Polygon", "coordinates": [ [ [ -63.002636065903438, 18.234871061684522 ], [ -63.002636065903438, 18.234623793728193 ], [ -63.002946990937787, 18.234623793728193 ], [ -63.002946990937787, 18.234871061684522 ], [ -63.002636065903438, 18.234871061684522 ] ] ] } },
{ "type": "Feature", "properties": { "PLOTID": "229", "ExtraInfo": "Anguilla" }, "geometry": { "type": "Polygon", "coordinates": [ [ [ -63.146283431766847, 18.175536577791505 ], [ -63.146283431766847, 18.175289392000636 ], [ -63.146594356801188, 18.175289392000636 ], [ -63.146594356801188, 18.175536577791505 ], [ -63.146283431766847, 18.175536577791505 ] ] ] } },
{ "type": "Feature", "properties": { "PLOTID": "230", "ExtraInfo": "Anguilla" }, "geometry": { "type": "Polygon", "coordinates": [ [ [ -63.015694917345577, 18.215585190868932 ], [ -63.015694917345577, 18.215337949653968 ], [ -63.016005842379911, 18.215337949653968 ], [ -63.016005842379911, 18.215585190868932 ], [ -63.015694917345577, 18.215585190868932 ] ] ] } },
{ "type": "Feature", "properties": { "PLOTID": "231", "ExtraInfo": "Anguilla" }, "geometry": { "type": "Polygon", "coordinates": [ [ [ -63.053938696568949, 18.196054189975953 ], [ -63.053938696568949, 18.195806975808289 ], [ -63.054249621603283, 18.195806975808289 ], [ -63.054249621603283, 18.196054189975953 ], [ -63.053938696568949, 18.196054189975953 ] ] ] } },
{ "type": "Feature", "properties": { "PLOTID": "232", "ExtraInfo": "Anguilla" }, "geometry": { "type": "Polygon", "coordinates": [ [ [ -62.974652812813162, 18.255148202129824 ], [ -62.974652812813162, 18.254900906021689 ], [ -62.97496373784751, 18.254900906021689 ], [ -62.97496373784751, 18.255148202129824 ], [ -62.974652812813162, 18.255148202129824 ] ] ] } },
{ "type": "Feature", "properties": { "PLOTID": "233", "ExtraInfo": "Anguilla" }, "geometry": { "type": "Polygon", "coordinates": [ [ [ -63.008854566590166, 18.224486102831257 ], [ -63.008854566590166, 18.224238849278624 ], [ -63.009165491624515, 18.224238849278624 ], [ -63.009165491624515, 18.224486102831257 ], [ -63.008854566590166, 18.224486102831257 ] ] ] } },
{ "type": "Feature", "properties": { "PLOTID": "234", "ExtraInfo": "Anguilla" }, "geometry": { "type": "Polygon", "coordinates": [ [ [ -63.110837977852512, 18.185177090177582 ], [ -63.110837977852512, 18.18492989105814 ], [ -63.111148902886846, 18.18492989105814 ], [ -63.111148902886846, 18.185177090177582 ], [ -63.110837977852512, 18.185177090177582 ] ] ] } },
{ "type": "Feature", "properties": { "PLOTID": "235", "ExtraInfo": "Anguilla" }, "geometry": { "type": "Polygon", "coordinates": [ [ [ -62.978072988190867, 18.268502702315477 ], [ -62.978072988190867, 18.268255387646452 ], [ -62.978383913225201, 18.268255387646452 ], [ -62.978383913225201, 18.268502702315477 ], [ -62.978072988190867, 18.268502702315477 ] ] ] } },
{ "type": "Feature", "properties": { "PLOTID": "236", "ExtraInfo": "Anguilla" }, "geometry": { "type": "Polygon", "coordinates": [ [ [ -63.013518442105209, 18.259104986588532 ], [ -63.013518442105209, 18.258857684982683 ], [ -63.013829367139557, 18.258857684982683 ], [ -63.013829367139557, 18.259104986588532 ], [ -63.013518442105209, 18.259104986588532 ] ] ] } },
{ "type": "Feature", "properties": { "PLOTID": "237", "ExtraInfo": "Anguilla" }, "geometry": { "type": "Polygon", "coordinates": [ [ [ -62.99237553977035, 18.245751191490267 ], [ -62.99237553977035, 18.245503908433069 ], [ -62.992686464804684, 18.245503908433069 ], [ -62.992686464804684, 18.245751191490267 ], [ -62.99237553977035, 18.245751191490267 ] ] ] } },
{ "type": "Feature", "properties": { "PLOTID": "238", "ExtraInfo": "Anguilla" }, "geometry": { "type": "Polygon", "coordinates": [ [ [ -62.938896433864478, 18.283342211980067 ], [ -62.938896433864478, 18.283094876667423 ], [ -62.939207358898813, 18.283094876667423 ], [ -62.939207358898813, 18.283342211980067 ], [ -62.938896433864478, 18.283342211980067 ] ] ] } },
{ "type": "Feature", "properties": { "PLOTID": "239", "ExtraInfo": "Anguilla" }, "geometry": { "type": "Polygon", "coordinates": [ [ [ -62.951333435237935, 18.293977956156215 ], [ -62.951333435237935, 18.293730606035751 ], [ -62.951644360272269, 18.293730606035751 ], [ -62.951644360272269, 18.293977956156215 ], [ -62.951333435237935, 18.293977956156215 ] ] ] } },
{ "type": "Feature", "properties": { "PLOTID": "240", "ExtraInfo": "Anguilla" }, "geometry": { "type": "Polygon", "coordinates": [ [ [ -63.049896671122561, 18.226216887299042 ], [ -63.049896671122561, 18.225969631346523 ], [ -63.050207596156909, 18.225969631346523 ], [ -63.050207596156909, 18.226216887299042 ], [ -63.049896671122561, 18.226216887299042 ] ] ] } },
{ "type": "Feature", "properties": { "PLOTID": "241", "ExtraInfo": "Anguilla" }, "geometry": { "type": "Polygon", "coordinates": [ [ [ -63.002325140869104, 18.240805595572184 ], [ -63.002325140869104, 18.240558319380447 ], [ -63.002636065903438, 18.240558319380447 ], [ -63.002636065903438, 18.240805595572184 ], [ -63.002325140869104, 18.240805595572184 ] ] ] } },
{ "type": "Feature", "properties": { "PLOTID": "242", "ExtraInfo": "Anguilla" }, "geometry": { "type": "Polygon", "coordinates": [ [ [ -63.006989016384146, 18.257373882564071 ], [ -63.006989016384146, 18.257126583363668 ], [ -63.007299941418481, 18.257126583363668 ], [ -63.007299941418481, 18.257373882564071 ], [ -63.006989016384146, 18.257373882564071 ] ] ] } },
{ "type": "Feature", "properties": { "PLOTID": "243", "ExtraInfo": "Anguilla" }, "geometry": { "type": "Polygon", "coordinates": [ [ [ -62.953820835512623, 18.279137558477181 ], [ -62.953820835512623, 18.278890229015744 ], [ -62.954131760546971, 18.278890229015744 ], [ -62.954131760546971, 18.279137558477181 ], [ -62.953820835512623, 18.279137558477181 ] ] ] } },
{ "type": "Feature", "properties": { "PLOTID": "244", "ExtraInfo": "Anguilla" }, "geometry": { "type": "Polygon", "coordinates": [ [ [ -63.259460144265304, 18.282105538859138 ], [ -63.259460144265304, 18.281858205267618 ], [ -63.259771069299639, 18.281858205267618 ], [ -63.259771069299639, 18.282105538859138 ], [ -63.259460144265304, 18.282105538859138 ] ] ] } },
{ "type": "Feature", "properties": { "PLOTID": "245", "ExtraInfo": "Anguilla" }, "geometry": { "type": "Polygon", "coordinates": [ [ [ -63.077568999178517, 18.19852635047123 ], [ -63.077568999178517, 18.198279132881908 ], [ -63.077879924212851, 18.198279132881908 ], [ -63.077879924212851, 18.19852635047123 ], [ -63.077568999178517, 18.19852635047123 ] ] ] } },
{ "type": "Feature", "properties": { "PLOTID": "246", "ExtraInfo": "Anguilla" }, "geometry": { "type": "Polygon", "coordinates": [ [ [ -63.07850177428152, 18.194818122558893 ], [ -63.07850177428152, 18.194570910101831 ], [ -63.078812699315854, 18.194570910101831 ], [ -63.078812699315854, 18.194818122558893 ], [ -63.07850177428152, 18.194818122558893 ] ] ] } },
{ "type": "Feature", "properties": { "PLOTID": "247", "ExtraInfo": "Anguilla" }, "geometry": { "type": "Polygon", "coordinates": [ [ [ -63.094048025998333, 18.182210723306437 ], [ -63.094048025998333, 18.181963528289053 ], [ -63.094358951032682, 18.181963528289053 ], [ -63.094358951032682, 18.182210723306437 ], [ -63.094048025998333, 18.182210723306437 ] ] ] } },
{ "type": "Feature", "properties": { "PLOTID": "248", "ExtraInfo": "Anguilla" }, "geometry": { "type": "Polygon", "coordinates": [ [ [ -63.078812699315854, 18.199762443550931 ], [ -63.078812699315854, 18.199515224250558 ], [ -63.079123624350203, 18.199515224250558 ], [ -63.079123624350203, 18.199762443550931 ], [ -63.078812699315854, 18.199762443550931 ] ] ] } },
{ "type": "Feature", "properties": { "PLOTID": "249", "ExtraInfo": "Anguilla" }, "geometry": { "type": "Polygon", "coordinates": [ [ [ -63.116123703436223, 18.191851595651659 ], [ -63.116123703436223, 18.191604387299439 ], [ -63.116434628470557, 18.191604387299439 ], [ -63.116434628470557, 18.191851595651659 ], [ -63.116123703436223, 18.191851595651659 ] ] ] } },
{ "type": "Feature", "properties": { "PLOTID": "250", "ExtraInfo": "Anguilla" }, "geometry": { "type": "Polygon", "coordinates": [ [ [ -63.016938617482914, 18.244762061321431 ], [ -63.016938617482914, 18.244514779637523 ], [ -63.017249542517249, 18.244514779637523 ], [ -63.017249542517249, 18.244762061321431 ], [ -63.016938617482914, 18.244762061321431 ] ] ] } },
{ "type": "Feature", "properties": { "PLOTID": "251", "ExtraInfo": "Anguilla" }, "geometry": { "type": "Polygon", "coordinates": [ [ [ -63.057669796980974, 18.208662566334432 ], [ -63.057669796980974, 18.2084153347101 ], [ -63.057980722015316, 18.2084153347101 ], [ -63.057980722015316, 18.208662566334432 ], [ -63.057669796980974, 18.208662566334432 ] ] ] } },
{ "type": "Feature", "properties": { "PLOTID": "252", "ExtraInfo": "Anguilla" }, "geometry": { "type": "Polygon", "coordinates": [ [ [ -62.946358634688558, 18.281858205267618 ], [ -62.946358634688558, 18.281610872020305 ], [ -62.946669559722892, 18.281610872020305 ], [ -62.946669559722892, 18.281858205267618 ], [ -62.946358634688558, 18.281858205267618 ] ] ] } },
{ "type": "Feature", "properties": { "PLOTID": "253", "ExtraInfo": "Anguilla" }, "geometry": { "type": "Polygon", "coordinates": [ [ [ -63.089695075517625, 18.170592926878832 ], [ -63.089695075517625, 18.170345747919612 ], [ -63.090006000551973, 18.170345747919612 ], [ -63.090006000551973, 18.170592926878832 ], [ -63.089695075517625, 18.170592926878832 ] ] ] } },
{ "type": "Feature", "properties": { "PLOTID": "254", "ExtraInfo": "Anguilla" }, "geometry": { "type": "Polygon", "coordinates": [ [ [ -63.054871471671952, 18.221519082824322 ], [ -63.054871471671952, 18.22127183338511 ], [ -63.055182396706286, 18.22127183338511 ], [ -63.055182396706286, 18.221519082824322 ], [ -63.054871471671952, 18.221519082824322 ] ] ] } },
{ "type": "Feature", "properties": { "PLOTID": "255", "ExtraInfo": "Anguilla" }, "geometry": { "type": "Polygon", "coordinates": [ [ [ -63.025955443478665, 18.256384687824063 ], [ -63.025955443478665, 18.256137389998056 ], [ -63.026266368512999, 18.256137389998056 ], [ -63.026266368512999, 18.256384687824063 ], [ -63.025955443478665, 18.256384687824063 ] ] ] } },
{ "type": "Feature", "properties": { "PLOTID": "256", "ExtraInfo": "Anguilla" }, "geometry": { "type": "Polygon", "coordinates": [ [ [ -63.105552252268787, 18.182952310409441 ], [ -63.105552252268787, 18.182705114366623 ], [ -63.105863177303121, 18.182705114366623 ], [ -63.105863177303121, 18.182952310409441 ], [ -63.105552252268787, 18.182952310409441 ] ] ] } },
{ "type": "Feature", "properties": { "PLOTID": "257", "ExtraInfo": "Anguilla" }, "geometry": { "type": "Polygon", "coordinates": [ [ [ -63.072594198629133, 18.203965224023005 ], [ -63.072594198629133, 18.203717998903947 ], [ -63.072905123663467, 18.203717998903947 ], [ -63.072905123663467, 18.203965224023005 ], [ -63.072594198629133, 18.203965224023005 ] ] ] } },
{ "type": "Feature", "properties": { "PLOTID": "258", "ExtraInfo": "Anguilla" }, "geometry": { "type": "Polygon", "coordinates": [ [ [ -63.041190770161158, 18.207426411637083 ], [ -63.041190770161158, 18.207179181724879 ], [ -63.041501695195493, 18.207179181724879 ], [ -63.041501695195493, 18.207426411637083 ], [ -63.041190770161158, 18.207426411637083 ] ] ] } },
{ "type": "Feature", "properties": { "PLOTID": "259", "ExtraInfo": "Anguilla" }, "geometry": { "type": "Polygon", "coordinates": [ [ [ -63.113636303161535, 18.185424289638906 ], [ -63.113636303161535, 18.185177090177582 ], [ -63.113947228195869, 18.185177090177582 ], [ -63.113947228195869, 18.185424289638906 ], [ -63.113636303161535, 18.185424289638906 ] ] ] } },
{ "type": "Feature", "properties": { "PLOTID": "260", "ExtraInfo": "Anguilla" }, "geometry": { "type": "Polygon", "coordinates": [ [ [ -63.155611182796939, 18.169851391025752 ], [ -63.155611182796939, 18.169604213091095 ], [ -63.155922107831273, 18.169604213091095 ], [ -63.155922107831273, 18.169851391025752 ], [ -63.155611182796939, 18.169851391025752 ] ] ] } },
{ "type": "Feature", "properties": { "PLOTID": "261", "ExtraInfo": "Anguilla" }, "geometry": { "type": "Polygon", "coordinates": [ [ [ -63.131048105084368, 18.187649100176262 ], [ -63.131048105084368, 18.187401897637777 ], [ -63.131359030118702, 18.187401897637777 ], [ -63.131359030118702, 18.187649100176262 ], [ -63.131048105084368, 18.187649100176262 ] ] ] } },
{ "type": "Feature", "properties": { "PLOTID": "262", "ExtraInfo": "Anguilla" }, "geometry": { "type": "Polygon", "coordinates": [ [ [ -63.06202274746169, 18.215585190868932 ], [ -63.06202274746169, 18.215337949653968 ], [ -63.062333672496024, 18.215337949653968 ], [ -63.062333672496024, 18.215585190868932 ], [ -63.06202274746169, 18.215585190868932 ] ] ] } },
{ "type": "Feature", "properties": { "PLOTID": "263", "ExtraInfo": "Anguilla" }, "geometry": { "type": "Polygon", "coordinates": [ [ [ -63.158098583071641, 18.171828826797896 ], [ -63.158098583071641, 18.171581646130999 ], [ -63.158409508105976, 18.171581646130999 ], [ -63.158409508105976, 18.171828826797896 ], [ -63.158098583071641, 18.171828826797896 ] ] ] } },
{ "type": "Feature", "properties": { "PLOTID": "264", "ExtraInfo": "Anguilla" }, "geometry": { "type": "Polygon", "coordinates": [ [ [ -63.034039494371413, 18.222260833198504 ], [ -63.034039494371413, 18.222013582731016 ], [ -63.034350419405747, 18.222013582731016 ], [ -63.034350419405747, 18.222260833198504 ], [ -63.034039494371413, 18.222260833198504 ] ] ] } },
{ "type": "Feature", "properties": { "PLOTID": "265", "ExtraInfo": "Anguilla" }, "geometry": { "type": "Polygon", "coordinates": [ [ [ -63.03310671926841, 18.220282839055642 ], [ -63.03310671926841, 18.220035591330095 ], [ -63.033417644302745, 18.220035591330095 ], [ -63.033417644302745, 18.220282839055642 ], [ -63.03310671926841, 18.220282839055642 ] ] ] } },
{ "type": "Feature", "properties": { "PLOTID": "266", "ExtraInfo": "Anguilla" }, "geometry": { "type": "Polygon", "coordinates": [ [ [ -63.007299941418481, 18.24748218250436 ], [ -63.007299941418481, 18.24723489704369 ], [ -63.007610866452829, 18.24723489704369 ], [ -63.007610866452829, 18.24748218250436 ], [ -63.007299941418481, 18.24748218250436 ] ] ] } },
{ "type": "Feature", "properties": { "PLOTID": "267", "ExtraInfo": "Anguilla" }, "geometry": { "type": "Polygon", "coordinates": [ [ [ -63.088762300414622, 18.181963528289053 ], [ -63.088762300414622, 18.18171633361348 ], [ -63.089073225448956, 18.18171633361348 ], [ -63.089073225448956, 18.181963528289053 ], [ -63.088762300414622, 18.181963528289053 ] ] ] } },
{ "type": "Feature", "properties": { "PLOTID": "268", "ExtraInfo": "Anguilla" }, "geometry": { "type": "Polygon", "coordinates": [ [ [ -63.141619556251804, 18.165155068658347 ], [ -63.141619556251804, 18.164907897211219 ], [ -63.141930481286138, 18.164907897211219 ], [ -63.141930481286138, 18.165155068658347 ], [ -63.141619556251804, 18.165155068658347 ] ] ] } },
{ "type": "Feature", "properties": { "PLOTID": "269", "ExtraInfo": "Anguilla" }, "geometry": { "type": "Polygon", "coordinates": [ [ [ -63.121409429019934, 18.192346013382206 ], [ -63.121409429019934, 18.19209880434591 ], [ -63.121720354054283, 18.19209880434591 ], [ -63.121720354054283, 18.192346013382206 ], [ -63.121409429019934, 18.192346013382206 ] ] ] } },
{ "type": "Feature", "properties": { "PLOTID": "270", "ExtraInfo": "Anguilla" }, "geometry": { "type": "Polygon", "coordinates": [ [ [ -62.966879686954762, 18.269491964430493 ], [ -62.966879686954762, 18.269244648385893 ], [ -62.967190611989096, 18.269244648385893 ], [ -62.967190611989096, 18.269491964430493 ], [ -62.966879686954762, 18.269491964430493 ] ] ] } },
{ "type": "Feature", "properties": { "PLOTID": "271", "ExtraInfo": "Anguilla" }, "geometry": { "type": "Polygon", "coordinates": [ [ [ -63.101510226822413, 18.181469139279688 ], [ -63.101510226822413, 18.181221945287685 ], [ -63.101821151856747, 18.181221945287685 ], [ -63.101821151856747, 18.181469139279688 ], [ -63.101510226822413, 18.181469139279688 ] ] ] } },
{ "type": "Feature", "properties": { "PLOTID": "272", "ExtraInfo": "Anguilla" }, "geometry": { "type": "Polygon", "coordinates": [ [ [ -63.048342045950889, 18.221519082824322 ], [ -63.048342045950889, 18.22127183338511 ], [ -63.048652970985223, 18.22127183338511 ], [ -63.048652970985223, 18.221519082824322 ], [ -63.048342045950889, 18.221519082824322 ] ] ] } },
{ "type": "Feature", "properties": { "PLOTID": "273", "ExtraInfo": "Anguilla" }, "geometry": { "type": "Polygon", "coordinates": [ [ [ -63.018804167688934, 18.224733356726702 ], [ -63.018804167688934, 18.224486102831257 ], [ -63.019115092723268, 18.224486102831257 ], [ -63.019115092723268, 18.224733356726702 ], [ -63.018804167688934, 18.224733356726702 ] ] ] } },
{ "type": "Feature", "properties": { "PLOTID": "274", "ExtraInfo": "Anguilla" }, "geometry": { "type": "Polygon", "coordinates": [ [ [ -62.937652733727141, 18.287794306478922 ], [ -62.937652733727141, 18.287546964969 ], [ -62.937963658761475, 18.287546964969 ], [ -62.937963658761475, 18.287794306478922 ], [ -62.937652733727141, 18.287794306478922 ] ] ] } },
{ "type": "Feature", "properties": { "PLOTID": "275", "ExtraInfo": "Anguilla" }, "geometry": { "type": "Polygon", "coordinates": [ [ [ -63.03683781968045, 18.238580122201625 ], [ -63.03683781968045, 18.238332849098576 ], [ -63.03714874471477, 18.238332849098576 ], [ -63.03714874471477, 18.238580122201625 ], [ -63.03683781968045, 18.238580122201625 ] ] ] } },
{ "type": "Feature", "properties": { "PLOTID": "276", "ExtraInfo": "Anguilla" }, "geometry": { "type": "Polygon", "coordinates": [ [ [ -63.087829525311605, 18.173064735255867 ], [ -63.087829525311605, 18.172817552881124 ], [ -63.088140450345954, 18.172817552881124 ], [ -63.088140450345954, 18.173064735255867 ], [ -63.087829525311605, 18.173064735255867 ] ] ] } },
{ "type": "Feature", "properties": { "PLOTID": "277", "ExtraInfo": "Anguilla" }, "geometry": { "type": "Polygon", "coordinates": [ [ [ -62.987711664255293, 18.243278376367424 ], [ -62.987711664255293, 18.243031096743259 ], [ -62.988022589289628, 18.243031096743259 ], [ -62.988022589289628, 18.243278376367424 ], [ -62.987711664255293, 18.243278376367424 ] ] ] } },
{ "type": "Feature", "properties": { "PLOTID": "278", "ExtraInfo": "Anguilla" }, "geometry": { "type": "Polygon", "coordinates": [ [ [ -63.035283194508764, 18.225969631346523 ], [ -63.035283194508764, 18.225722375736865 ], [ -63.035594119543099, 18.225722375736865 ], [ -63.035594119543099, 18.225969631346523 ], [ -63.035283194508764, 18.225969631346523 ] ] ] } },
{ "type": "Feature", "properties": { "PLOTID": "279", "ExtraInfo": "Anguilla" }, "geometry": { "type": "Polygon", "coordinates": [ [ [ -63.039325219955138, 18.222013582731016 ], [ -63.039325219955138, 18.22176633260629 ], [ -63.039636144989473, 18.22176633260629 ], [ -63.039636144989473, 18.222013582731016 ], [ -63.039325219955138, 18.222013582731016 ] ] ] } },
{ "type": "Feature", "properties": { "PLOTID": "280", "ExtraInfo": "Anguilla" }, "geometry": { "type": "Polygon", "coordinates": [ [ [ -63.071661423526123, 18.206931952155077 ], [ -63.071661423526123, 18.206684722927672 ], [ -63.071972348560458, 18.206684722927672 ], [ -63.071972348560458, 18.206931952155077 ], [ -63.071661423526123, 18.206931952155077 ] ] ] } },
{ "type": "Feature", "properties": { "PLOTID": "281", "ExtraInfo": "Anguilla" }, "geometry": { "type": "Polygon", "coordinates": [ [ [ -63.245468517720163, 18.283836883638095 ], [ -63.245468517720163, 18.283589547636954 ], [ -63.245779442754497, 18.283589547636954 ], [ -63.245779442754497, 18.283836883638095 ], [ -63.245468517720163, 18.283836883638095 ] ] ] } },
{ "type": "Feature", "properties": { "PLOTID": "282", "ExtraInfo": "Anguilla" }, "geometry": { "type": "Polygon", "coordinates": [ [ [ -62.947602334825909, 18.296451476309265 ], [ -62.947602334825909, 18.296204122743543 ], [ -62.947913259860243, 18.296204122743543 ], [ -62.947913259860243, 18.296451476309265 ], [ -62.947602334825909, 18.296451476309265 ] ] ] } },
{ "type": "Feature", "properties": { "PLOTID": "283", "ExtraInfo": "Anguilla" }, "geometry": { "type": "Polygon", "coordinates": [ [ [ -62.987089814186625, 18.263061859023573 ], [ -62.987089814186625, 18.262814551918492 ], [ -62.987400739220966, 18.262814551918492 ], [ -62.987400739220966, 18.263061859023573 ], [ -62.987089814186625, 18.263061859023573 ] ] ] } },
{ "type": "Feature", "properties": { "PLOTID": "284", "ExtraInfo": "Anguilla" }, "geometry": { "type": "Polygon", "coordinates": [ [ [ -63.253241643578576, 18.278395571125266 ], [ -63.253241643578576, 18.278148242696211 ], [ -63.253552568612911, 18.278148242696211 ], [ -63.253552568612911, 18.278395571125266 ], [ -63.253241643578576, 18.278395571125266 ] ] ] } },
{ "type": "Feature", "properties": { "PLOTID": "285", "ExtraInfo": "Anguilla" }, "geometry": { "type": "Polygon", "coordinates": [ [ [ -63.060779047324345, 18.22176633260629 ], [ -63.060779047324345, 18.221519082824322 ], [ -63.06108997235868, 18.221519082824322 ], [ -63.06108997235868, 18.22176633260629 ], [ -63.060779047324345, 18.22176633260629 ] ] ] } },
{ "type": "Feature", "properties": { "PLOTID": "286", "ExtraInfo": "Anguilla" }, "geometry": { "type": "Polygon", "coordinates": [ [ [ -63.001081440731767, 18.251191505623019 ], [ -63.001081440731767, 18.25094421501106 ], [ -63.001392365766101, 18.25094421501106 ], [ -63.001392365766101, 18.251191505623019 ], [ -63.001081440731767, 18.251191505623019 ] ] ] } },
{ "type": "Feature", "properties": { "PLOTID": "287", "ExtraInfo": "Anguilla" }, "geometry": { "type": "Polygon", "coordinates": [ [ [ -63.131048105084368, 18.178502833931994 ], [ -63.131048105084368, 18.178255644040984 ], [ -63.131359030118702, 18.178255644040984 ], [ -63.131359030118702, 18.178502833931994 ], [ -63.131048105084368, 18.178502833931994 ] ] ] } },
{ "type": "Feature", "properties": { "PLOTID": "288", "ExtraInfo": "Anguilla" }, "geometry": { "type": "Polygon", "coordinates": [ [ [ -63.169602809342081, 18.261825326935558 ], [ -63.169602809342081, 18.261578021549159 ], [ -63.169913734376415, 18.261578021549159 ], [ -63.169913734376415, 18.261825326935558 ], [ -63.169602809342081, 18.261825326935558 ] ] ] } },
{ "type": "Feature", "properties": { "PLOTID": "289", "ExtraInfo": "Anguilla" }, "geometry": { "type": "Polygon", "coordinates": [ [ [ -63.068241248148418, 18.203223549692794 ], [ -63.068241248148418, 18.202976325600691 ], [ -63.068552173182752, 18.202976325600691 ], [ -63.068552173182752, 18.203223549692794 ], [ -63.068241248148418, 18.203223549692794 ] ] ] } },
{ "type": "Feature", "properties": { "PLOTID": "290", "ExtraInfo": "Anguilla" }, "geometry": { "type": "Polygon", "coordinates": [ [ [ -63.426426887703933, 18.587083830086573 ], [ -63.426426887703933, 18.586836067876266 ], [ -63.426737812738281, 18.586836067876266 ], [ -63.426737812738281, 18.587083830086573 ], [ -63.426426887703933, 18.587083830086573 ] ] ] } },
{ "type": "Feature", "properties": { "PLOTID": "291", "ExtraInfo": "Anguilla" }, "geometry": { "type": "Polygon", "coordinates": [ [ [ -63.130426255015685, 18.188885117997852 ], [ -63.130426255015685, 18.188637913749627 ], [ -63.130737180050033, 18.188637913749627 ], [ -63.130737180050033, 18.188885117997852 ], [ -63.130426255015685, 18.188885117997852 ] ] ] } },
{ "type": "Feature", "properties": { "PLOTID": "292", "ExtraInfo": "Anguilla" }, "geometry": { "type": "Polygon", "coordinates": [ [ [ -63.013518442105209, 18.213112794135736 ], [ -63.013518442105209, 18.212865556346536 ], [ -63.013829367139557, 18.212865556346536 ], [ -63.013829367139557, 18.213112794135736 ], [ -63.013518442105209, 18.213112794135736 ] ] ] } },
{ "type": "Feature", "properties": { "PLOTID": "293", "ExtraInfo": "Anguilla" }, "geometry": { "type": "Polygon", "coordinates": [ [ [ -63.003568841006455, 18.243772936645591 ], [ -63.003568841006455, 18.243525656334871 ], [ -63.003879766040789, 18.243525656334871 ], [ -63.003879766040789, 18.243772936645591 ], [ -63.003568841006455, 18.243772936645591 ] ] ] } },
{ "type": "Feature", "properties": { "PLOTID": "294", "ExtraInfo": "Anguilla" }, "geometry": { "type": "Polygon", "coordinates": [ [ [ -63.024711743341328, 18.223002586657618 ], [ -63.024711743341328, 18.222755335161796 ], [ -63.025022668375662, 18.222755335161796 ], [ -63.025022668375662, 18.223002586657618 ], [ -63.024711743341328, 18.223002586657618 ] ] ] } },
{ "type": "Feature", "properties": { "PLOTID": "295", "ExtraInfo": "Anguilla" }, "geometry": { "type": "Polygon", "coordinates": [ [ [ -63.042123545264161, 18.23289292763943 ], [ -63.042123545264161, 18.232645662427469 ], [ -63.042434470298495, 18.232645662427469 ], [ -63.042434470298495, 18.23289292763943 ], [ -63.042123545264161, 18.23289292763943 ] ] ] } },
{ "type": "Feature", "properties": { "PLOTID": "296", "ExtraInfo": "Anguilla" }, "geometry": { "type": "Polygon", "coordinates": [ [ [ -63.048031120916555, 18.220530087123912 ], [ -63.048031120916555, 18.220282839055642 ], [ -63.048342045950889, 18.220282839055642 ], [ -63.048342045950889, 18.220530087123912 ], [ -63.048031120916555, 18.220530087123912 ] ] ] } },
{ "type": "Feature", "properties": { "PLOTID": "297", "ExtraInfo": "Anguilla" }, "geometry": { "type": "Polygon", "coordinates": [ [ [ -63.03124116906239, 18.256879284506859 ], [ -63.03124116906239, 18.256631985993664 ], [ -63.031552094096725, 18.256631985993664 ], [ -63.031552094096725, 18.256879284506859 ], [ -63.03124116906239, 18.256879284506859 ] ] ] } },
{ "type": "Feature", "properties": { "PLOTID": "298", "ExtraInfo": "Anguilla" }, "geometry": { "type": "Polygon", "coordinates": [ [ [ -62.948846034963246, 18.281363539117187 ], [ -62.948846034963246, 18.281116206558259 ], [ -62.94915695999758, 18.281116206558259 ], [ -62.94915695999758, 18.281363539117187 ], [ -62.948846034963246, 18.281363539117187 ] ] ] } },
{ "type": "Feature", "properties": { "PLOTID": "299", "ExtraInfo": "Anguilla" }, "geometry": { "type": "Polygon", "coordinates": [ [ [ -63.095291726135684, 18.172323189156369 ], [ -63.095291726135684, 18.172076007806353 ], [ -63.095602651170019, 18.172076007806353 ], [ -63.095602651170019, 18.172323189156369 ], [ -63.095291726135684, 18.172323189156369 ] ] ] } },
{ "type": "Feature", "properties": { "PLOTID": "300", "ExtraInfo": "Anguilla" }, "geometry": { "type": "Polygon", "coordinates": [ [ [ -63.047720195882221, 18.230173029172985 ], [ -63.047720195882221, 18.229925767733913 ], [ -63.048031120916555, 18.229925767733913 ], [ -63.048031120916555, 18.230173029172985 ], [ -63.047720195882221, 18.230173029172985 ] ] ] } },
{ "type": "Feature", "properties": { "PLOTID": "301", "ExtraInfo": "Antigua and Barbuda" }, "geometry": { "type": "Polygon", "coordinates": [ [ [ -61.790028431991544, 17.63697989275833 ], [ -61.790028431991544, 17.636733438402054 ], [ -61.790339357025879, 17.636733438402054 ], [ -61.790339357025879, 17.63697989275833 ], [ -61.790028431991544, 17.63697989275833 ] ] ] } },
{ "type": "Feature", "properties": { "PLOTID": "302", "ExtraInfo": "Antigua and Barbuda" }, "geometry": { "type": "Polygon", "coordinates": [ [ [ -61.777902355652422, 17.087456094298247 ], [ -61.777902355652422, 17.087210359891678 ], [ -61.778213280686771, 17.087210359891678 ], [ -61.778213280686771, 17.087456094298247 ], [ -61.777902355652422, 17.087456094298247 ] ] ] } },
{ "type": "Feature", "properties": { "PLOTID": "303", "ExtraInfo": "Antigua and Barbuda" }, "geometry": { "type": "Polygon", "coordinates": [ [ [ -61.759868703660921, 17.00294206554349 ], [ -61.759868703660921, 17.002696439521412 ], [ -61.760179628695255, 17.002696439521412 ], [ -61.760179628695255, 17.00294206554349 ], [ -61.759868703660921, 17.00294206554349 ] ] ] } },
{ "type": "Feature", "properties": { "PLOTID": "304", "ExtraInfo": "Antigua and Barbuda" }, "geometry": { "type": "Polygon", "coordinates": [ [ [ -61.818322610116148, 17.629093516429823 ], [ -61.818322610116148, 17.62884707259332 ], [ -61.818633535150489, 17.62884707259332 ], [ -61.818633535150489, 17.629093516429823 ], [ -61.818322610116148, 17.629093516429823 ] ] ] } },
{ "type": "Feature", "properties": { "PLOTID": "305", "ExtraInfo": "Antigua and Barbuda" }, "geometry": { "type": "Polygon", "coordinates": [ [ [ -61.826717586043237, 17.697864204989894 ], [ -61.826717586043237, 17.697617669234241 ], [ -61.827028511077572, 17.697617669234241 ], [ -61.827028511077572, 17.697864204989894 ], [ -61.826717586043237, 17.697864204989894 ] ] ] } },
{ "type": "Feature", "properties": { "PLOTID": "306", "ExtraInfo": "Antigua and Barbuda" }, "geometry": { "type": "Polygon", "coordinates": [ [ [ -61.838843662382359, 17.699096888722391 ], [ -61.838843662382359, 17.698850351315322 ], [ -61.839154587416694, 17.698850351315322 ], [ -61.839154587416694, 17.699096888722391 ], [ -61.838843662382359, 17.699096888722391 ] ] ] } },
{ "type": "Feature", "properties": { "PLOTID": "307", "ExtraInfo": "Antigua and Barbuda" }, "geometry": { "type": "Polygon", "coordinates": [ [ [ -61.859986564717232, 17.706986260179889 ], [ -61.859986564717232, 17.706739712200278 ], [ -61.860297489751567, 17.706739712200278 ], [ -61.860297489751567, 17.706986260179889 ], [ -61.859986564717232, 17.706986260179889 ] ] ] } },
{ "type": "Feature", "properties": { "PLOTID": "308", "ExtraInfo": "Antigua and Barbuda" }, "geometry": { "type": "Polygon", "coordinates": [ [ [ -61.748053552356133, 17.588188336052724 ], [ -61.748053552356133, 17.587941946692279 ], [ -61.748364477390467, 17.587941946692279 ], [ -61.748364477390467, 17.588188336052724 ], [ -61.748053552356133, 17.588188336052724 ] ] ] } },
{ "type": "Feature", "properties": { "PLOTID": "309", "ExtraInfo": "Antigua and Barbuda" }, "geometry": { "type": "Polygon", "coordinates": [ [ [ -61.751784652768173, 17.602972297562737 ], [ -61.751784652768173, 17.602725888530568 ], [ -61.752095577802507, 17.602725888530568 ], [ -61.752095577802507, 17.602972297562737 ], [ -61.751784652768173, 17.602972297562737 ] ] ] } },
{ "type": "Feature", "properties": { "PLOTID": "310", "ExtraInfo": "Antigua and Barbuda" }, "geometry": { "type": "Polygon", "coordinates": [ [ [ -61.804330983571006, 17.069518312821682 ], [ -61.804330983571006, 17.069272601471209 ], [ -61.804641908605355, 17.069272601471209 ], [ -61.804641908605355, 17.069518312821682 ], [ -61.804330983571006, 17.069518312821682 ] ] ] } },
{ "type": "Feature", "properties": { "PLOTID": "311", "ExtraInfo": "Antigua and Barbuda" }, "geometry": { "type": "Polygon", "coordinates": [ [ [ -61.821431860459519, 17.080329924799589 ], [ -61.821431860459519, 17.080084199555898 ], [ -61.821742785493853, 17.080084199555898 ], [ -61.821742785493853, 17.080329924799589 ], [ -61.821431860459519, 17.080329924799589 ] ] ] } },
{ "type": "Feature", "properties": { "PLOTID": "312", "ExtraInfo": "Antigua and Barbuda" }, "geometry": { "type": "Polygon", "coordinates": [ [ [ -61.827028511077572, 17.061164303938991 ], [ -61.827028511077572, 17.06091860331669 ], [ -61.827339436111913, 17.06091860331669 ], [ -61.827339436111913, 17.061164303938991 ], [ -61.827028511077572, 17.061164303938991 ] ] ] } },
{ "type": "Feature", "properties": { "PLOTID": "313", "ExtraInfo": "Antigua and Barbuda" }, "geometry": { "type": "Polygon", "coordinates": [ [ [ -61.76764182951932, 17.550740910467834 ], [ -61.76764182951932, 17.550494570849246 ], [ -61.767952754553654, 17.550494570849246 ], [ -61.767952754553654, 17.550740910467834 ], [ -61.76764182951932, 17.550740910467834 ] ] ] } },
{ "type": "Feature", "properties": { "PLOTID": "314", "ExtraInfo": "Antigua and Barbuda" }, "geometry": { "type": "Polygon", "coordinates": [ [ [ -61.842885687828733, 17.707232808489991 ], [ -61.842885687828733, 17.706986260179889 ], [ -61.843196612863068, 17.706986260179889 ], [ -61.843196612863068, 17.707232808489991 ], [ -61.842885687828733, 17.707232808489991 ] ] ] } },
{ "type": "Feature", "properties": { "PLOTID": "315", "ExtraInfo": "Antigua and Barbuda" }, "geometry": { "type": "Polygon", "coordinates": [ [ [ -61.748364477390467, 17.634515363992385 ], [ -61.748364477390467, 17.634268912924181 ], [ -61.748675402424801, 17.634268912924181 ], [ -61.748675402424801, 17.634515363992385 ], [ -61.748364477390467, 17.634515363992385 ] ] ] } },
{ "type": "Feature", "properties": { "PLOTID": "316", "ExtraInfo": "Antigua and Barbuda" }, "geometry": { "type": "Polygon", "coordinates": [ [ [ -61.70576774768638, 17.036350133093531 ], [ -61.70576774768638, 17.036104464301665 ], [ -61.706078672720714, 17.036104464301665 ], [ -61.706078672720714, 17.036350133093531 ], [ -61.70576774768638, 17.036350133093531 ] ] ] } },
{ "type": "Feature", "properties": { "PLOTID": "317", "ExtraInfo": "Antigua and Barbuda" }, "geometry": { "type": "Polygon", "coordinates": [ [ [ -61.818011685081814, 17.031682479884516 ], [ -61.818011685081814, 17.031436817074116 ], [ -61.818322610116148, 17.031436817074116 ], [ -61.818322610116148, 17.031682479884516 ], [ -61.818011685081814, 17.031682479884516 ] ] ] } },
{ "type": "Feature", "properties": { "PLOTID": "318", "ExtraInfo": "Antigua and Barbuda" }, "geometry": { "type": "Polygon", "coordinates": [ [ [ -61.864650440232275, 17.062392811782228 ], [ -61.864650440232275, 17.062147109582668 ], [ -61.864961365266609, 17.062147109582668 ], [ -61.864961365266609, 17.062392811782228 ], [ -61.864650440232275, 17.062392811782228 ] ] ] } },
{ "type": "Feature", "properties": { "PLOTID": "319", "ExtraInfo": "Antigua and Barbuda" }, "geometry": { "type": "Polygon", "coordinates": [ [ [ -61.767952754553654, 17.646345402018802 ], [ -61.767952754553654, 17.646098935162598 ], [ -61.768263679587989, 17.646098935162598 ], [ -61.768263679587989, 17.646345402018802 ], [ -61.767952754553654, 17.646345402018802 ] ] ] } },
{ "type": "Feature", "properties": { "PLOTID": "320", "ExtraInfo": "Antigua and Barbuda" }, "geometry": { "type": "Polygon", "coordinates": [ [ [ -61.71322994851046, 17.03389345934313 ], [ -61.71322994851046, 17.033647793699657 ], [ -61.713540873544794, 17.033647793699657 ], [ -61.713540873544794, 17.03389345934313 ], [ -61.71322994851046, 17.03389345934313 ] ] ] } },
{ "type": "Feature", "properties": { "PLOTID": "321", "ExtraInfo": "Antigua and Barbuda" }, "geometry": { "type": "Polygon", "coordinates": [ [ [ -61.727221575055587, 17.131693441379316 ], [ -61.727221575055587, 17.131447649993166 ], [ -61.727532500089936, 17.131447649993166 ], [ -61.727532500089936, 17.131693441379316 ], [ -61.727221575055587, 17.131693441379316 ] ] ] } },
{ "type": "Feature", "properties": { "PLOTID": "322", "ExtraInfo": "Antigua and Barbuda" }, "geometry": { "type": "Polygon", "coordinates": [ [ [ -61.848482338446779, 17.149145440555095 ], [ -61.848482338446779, 17.148899626643161 ], [ -61.848793263481113, 17.148899626643161 ], [ -61.848793263481113, 17.149145440555095 ], [ -61.848482338446779, 17.149145440555095 ] ] ] } },
{ "type": "Feature", "properties": { "PLOTID": "323", "ExtraInfo": "Antigua and Barbuda" }, "geometry": { "type": "Polygon", "coordinates": [ [ [ -61.782255306133131, 17.142016965978232 ], [ -61.782255306133131, 17.14177116127043 ], [ -61.782566231167465, 17.14177116127043 ], [ -61.782566231167465, 17.142016965978232 ], [ -61.782255306133131, 17.142016965978232 ] ] ] } },
{ "type": "Feature", "properties": { "PLOTID": "324", "ExtraInfo": "Antigua and Barbuda" }, "geometry": { "type": "Polygon", "coordinates": [ [ [ -61.750540952630821, 17.576362016280953 ], [ -61.750540952630821, 17.576115642642897 ], [ -61.750851877665156, 17.576115642642897 ], [ -61.750851877665156, 17.576362016280953 ], [ -61.750540952630821, 17.576362016280953 ] ] ] } },
{ "type": "Feature", "properties": { "PLOTID": "325", "ExtraInfo": "Antigua and Barbuda" }, "geometry": { "type": "Polygon", "coordinates": [ [ [ -61.83697811217634, 17.661626989985464 ], [ -61.83697811217634, 17.661380502716646 ], [ -61.837289037210674, 17.661380502716646 ], [ -61.837289037210674, 17.661626989985464 ], [ -61.83697811217634, 17.661626989985464 ] ] ] } },
{ "type": "Feature", "properties": { "PLOTID": "326", "ExtraInfo": "Antigua and Barbuda" }, "geometry": { "type": "Polygon", "coordinates": [ [ [ -61.804641908605355, 17.09605699767776 ], [ -61.804641908605355, 17.095811252206197 ], [ -61.804952833639689, 17.095811252206197 ], [ -61.804952833639689, 17.09605699767776 ], [ -61.804641908605355, 17.09605699767776 ] ] ] } },
{ "type": "Feature", "properties": { "PLOTID": "327", "ExtraInfo": "Antigua and Barbuda" }, "geometry": { "type": "Polygon", "coordinates": [ [ [ -61.831692386592621, 17.013995561719099 ], [ -61.831692386592621, 17.013749921556816 ], [ -61.832003311626963, 17.013749921556816 ], [ -61.832003311626963, 17.013995561719099 ], [ -61.831692386592621, 17.013995561719099 ] ] ] } },
{ "type": "Feature", "properties": { "PLOTID": "328", "ExtraInfo": "Antigua and Barbuda" }, "geometry": { "type": "Polygon", "coordinates": [ [ [ -61.803087283433669, 17.690961328653223 ], [ -61.803087283433669, 17.690714802142832 ], [ -61.803398208468003, 17.690714802142832 ], [ -61.803398208468003, 17.690961328653223 ], [ -61.803087283433669, 17.690961328653223 ] ] ] } },
{ "type": "Feature", "properties": { "PLOTID": "329", "ExtraInfo": "Antigua and Barbuda" }, "geometry": { "type": "Polygon", "coordinates": [ [ [ -61.758625003523569, 17.60026181624972 ], [ -61.758625003523569, 17.600015410825598 ], [ -61.758935928557904, 17.600015410825598 ], [ -61.758935928557904, 17.60026181624972 ], [ -61.758625003523569, 17.60026181624972 ] ] ] } },
{ "type": "Feature", "properties": { "PLOTID": "330", "ExtraInfo": "Antigua and Barbuda" }, "geometry": { "type": "Polygon", "coordinates": [ [ [ -61.813658734601105, 17.080821376234613 ], [ -61.813658734601105, 17.080575650359162 ], [ -61.81396965963544, 17.080575650359162 ], [ -61.81396965963544, 17.080821376234613 ], [ -61.813658734601105, 17.080821376234613 ] ] ] } },
{ "type": "Feature", "properties": { "PLOTID": "331", "ExtraInfo": "Antigua and Barbuda" }, "geometry": { "type": "Polygon", "coordinates": [ [ [ -61.826406661008903, 17.038315494764245 ], [ -61.826406661008903, 17.038069823453267 ], [ -61.826717586043237, 17.038069823453267 ], [ -61.826717586043237, 17.038315494764245 ], [ -61.826406661008903, 17.038315494764245 ] ] ] } },
{ "type": "Feature", "properties": { "PLOTID": "332", "ExtraInfo": "Antigua and Barbuda" }, "geometry": { "type": "Polygon", "coordinates": [ [ [ -61.771994780000043, 17.649056559156193 ], [ -61.771994780000043, 17.648810088680026 ], [ -61.772305705034377, 17.648810088680026 ], [ -61.772305705034377, 17.649056559156193 ], [ -61.771994780000043, 17.649056559156193 ] ] ] } },
{ "type": "Feature", "properties": { "PLOTID": "333", "ExtraInfo": "Antigua and Barbuda" }, "geometry": { "type": "Polygon", "coordinates": [ [ [ -61.830448686455277, 17.138575728941035 ], [ -61.830448686455277, 17.138329928674892 ], [ -61.830759611489611, 17.138329928674892 ], [ -61.830759611489611, 17.138575728941035 ], [ -61.830448686455277, 17.138575728941035 ] ] ] } },
{ "type": "Feature", "properties": { "PLOTID": "334", "ExtraInfo": "Antigua and Barbuda" }, "geometry": { "type": "Polygon", "coordinates": [ [ [ -61.81583520984146, 17.079101301739865 ], [ -61.81583520984146, 17.078855578075505 ], [ -61.816146134875794, 17.078855578075505 ], [ -61.816146134875794, 17.079101301739865 ], [ -61.81583520984146, 17.079101301739865 ] ] ] } },
{ "type": "Feature", "properties": { "PLOTID": "335", "ExtraInfo": "Antigua and Barbuda" }, "geometry": { "type": "Polygon", "coordinates": [ [ [ -61.852835288927501, 17.658915648145239 ], [ -61.852835288927501, 17.658669164499639 ], [ -61.853146213961836, 17.658669164499639 ], [ -61.853146213961836, 17.658915648145239 ], [ -61.852835288927501, 17.658915648145239 ] ] ] } },
{ "type": "Feature", "properties": { "PLOTID": "336", "ExtraInfo": "Antigua and Barbuda" }, "geometry": { "type": "Polygon", "coordinates": [ [ [ -61.847238638309442, 17.719560645495438 ], [ -61.847238638309442, 17.719314080653536 ], [ -61.847549563343776, 17.719314080653536 ], [ -61.847549563343776, 17.719560645495438 ], [ -61.847238638309442, 17.719560645495438 ] ] ] } },
{ "type": "Feature", "properties": { "PLOTID": "337", "ExtraInfo": "Antigua and Barbuda" }, "geometry": { "type": "Polygon", "coordinates": [ [ [ -61.846305863206439, 17.012276087184237 ], [ -61.846305863206439, 17.012030449222276 ], [ -61.846616788240773, 17.012030449222276 ], [ -61.846616788240773, 17.012276087184237 ], [ -61.846305863206439, 17.012276087184237 ] ] ] } },
{ "type": "Feature", "properties": { "PLOTID": "338", "ExtraInfo": "Antigua and Barbuda" }, "geometry": { "type": "Polygon", "coordinates": [ [ [ -61.761423328832592, 17.647084804561793 ], [ -61.761423328832592, 17.646838336718396 ], [ -61.761734253866926, 17.646838336718396 ], [ -61.761734253866926, 17.647084804561793 ], [ -61.761423328832592, 17.647084804561793 ] ] ] } },
{ "type": "Feature", "properties": { "PLOTID": "339", "ExtraInfo": "Antigua and Barbuda" }, "geometry": { "type": "Polygon", "coordinates": [ [ [ -61.740902276566395, 17.631311525748455 ], [ -61.740902276566395, 17.631065078953863 ], [ -61.741213201600729, 17.631065078953863 ], [ -61.741213201600729, 17.631311525748455 ], [ -61.740902276566395, 17.631311525748455 ] ] ] } },
{ "type": "Feature", "properties": { "PLOTID": "340", "ExtraInfo": "Antigua and Barbuda" }, "geometry": { "type": "Polygon", "coordinates": [ [ [ -61.856255464305193, 17.696138461635691 ], [ -61.856255464305193, 17.69589192819177 ], [ -61.856566389339527, 17.69589192819177 ], [ -61.856566389339527, 17.696138461635691 ], [ -61.856255464305193, 17.696138461635691 ] ] ] } },
{ "type": "Feature", "properties": { "PLOTID": "341", "ExtraInfo": "Antigua and Barbuda" }, "geometry": { "type": "Polygon", "coordinates": [ [ [ -61.782566231167465, 17.607161301304281 ], [ -61.782566231167465, 17.606914886694661 ], [ -61.782877156201813, 17.606914886694661 ], [ -61.782877156201813, 17.607161301304281 ], [ -61.782566231167465, 17.607161301304281 ] ] ] } },
{ "type": "Feature", "properties": { "PLOTID": "342", "ExtraInfo": "Antigua and Barbuda" }, "geometry": { "type": "Polygon", "coordinates": [ [ [ -61.759868703660921, 17.153078506325713 ], [ -61.759868703660921, 17.1528326873336 ], [ -61.760179628695255, 17.1528326873336 ], [ -61.760179628695255, 17.153078506325713 ], [ -61.759868703660921, 17.153078506325713 ] ] ] } },
{ "type": "Feature", "properties": { "PLOTID": "343", "ExtraInfo": "Antigua and Barbuda" }, "geometry": { "type": "Polygon", "coordinates": [ [ [ -61.765465354278966, 17.636486984374613 ], [ -61.765465354278966, 17.636240530676005 ], [ -61.765776279313314, 17.636240530676005 ], [ -61.765776279313314, 17.636486984374613 ], [ -61.765465354278966, 17.636486984374613 ] ] ] } },
{ "type": "Feature", "properties": { "PLOTID": "344", "ExtraInfo": "Antigua and Barbuda" }, "geometry": { "type": "Polygon", "coordinates": [ [ [ -61.741835051669405, 17.613568196347362 ], [ -61.741835051669405, 17.613321773204301 ], [ -61.742145976703739, 17.613321773204301 ], [ -61.742145976703739, 17.613568196347362 ], [ -61.741835051669405, 17.613568196347362 ] ] ] } },
{ "type": "Feature", "properties": { "PLOTID": "345", "ExtraInfo": "Antigua and Barbuda" }, "geometry": { "type": "Polygon", "coordinates": [ [ [ -61.834801636935985, 17.592130610389731 ], [ -61.834801636935985, 17.59188421578553 ], [ -61.83511256197032, 17.59188421578553 ], [ -61.83511256197032, 17.592130610389731 ], [ -61.834801636935985, 17.592130610389731 ] ] ] } },
{ "type": "Feature", "properties": { "PLOTID": "346", "ExtraInfo": "Antigua and Barbuda" }, "geometry": { "type": "Polygon", "coordinates": [ [ [ -61.773860330206048, 17.029962846821434 ], [ -61.773860330206048, 17.029717186214221 ], [ -61.774171255240383, 17.029717186214221 ], [ -61.774171255240383, 17.029962846821434 ], [ -61.773860330206048, 17.029962846821434 ] ] ] } },
{ "type": "Feature", "properties": { "PLOTID": "347", "ExtraInfo": "Antigua and Barbuda" }, "geometry": { "type": "Polygon", "coordinates": [ [ [ -61.842263837760051, 17.058707311909895 ], [ -61.842263837760051, 17.058461614441693 ], [ -61.842574762794399, 17.058461614441693 ], [ -61.842574762794399, 17.058707311909895 ], [ -61.842263837760051, 17.058707311909895 ] ] ] } },
{ "type": "Feature", "properties": { "PLOTID": "348", "ExtraInfo": "Antigua and Barbuda" }, "geometry": { "type": "Polygon", "coordinates": [ [ [ -61.740280426497726, 17.084507302276862 ], [ -61.740280426497726, 17.08426157166241 ], [ -61.740591351532061, 17.08426157166241 ], [ -61.740591351532061, 17.084507302276862 ], [ -61.740280426497726, 17.084507302276862 ] ] ] } },
{ "type": "Feature", "properties": { "PLOTID": "349", "ExtraInfo": "Antigua and Barbuda" }, "geometry": { "type": "Polygon", "coordinates": [ [ [ -61.891700918219541, 17.120878920252856 ], [ -61.891700918219541, 17.120633142811997 ], [ -61.892011843253876, 17.120633142811997 ], [ -61.892011843253876, 17.120878920252856 ], [ -61.891700918219541, 17.120878920252856 ] ] ] } },
{ "type": "Feature", "properties": { "PLOTID": "350", "ExtraInfo": "Antigua and Barbuda" }, "geometry": { "type": "Polygon", "coordinates": [ [ [ -61.763599804072946, 17.074678324101544 ], [ -61.763599804072946, 17.074432606121587 ], [ -61.763910729107295, 17.074432606121587 ], [ -61.763910729107295, 17.074678324101544 ], [ -61.763599804072946, 17.074678324101544 ] ] ] } },
{ "type": "Feature", "properties": { "PLOTID": "351", "ExtraInfo": "Antigua and Barbuda" }, "geometry": { "type": "Polygon", "coordinates": [ [ [ -61.746498927184454, 17.155536713713641 ], [ -61.746498927184454, 17.155290891545668 ], [ -61.746809852218789, 17.155290891545668 ], [ -61.746809852218789, 17.155536713713641 ], [ -61.746498927184454, 17.155536713713641 ] ] ] } },
{ "type": "Feature", "properties": { "PLOTID": "352", "ExtraInfo": "Antigua and Barbuda" }, "geometry": { "type": "Polygon", "coordinates": [ [ [ -61.801221733227649, 17.124811402397423 ], [ -61.801221733227649, 17.124565619886827 ], [ -61.801532658261983, 17.124565619886827 ], [ -61.801532658261983, 17.124811402397423 ], [ -61.801221733227649, 17.124811402397423 ] ] ] } },
{ "type": "Feature", "properties": { "PLOTID": "353", "ExtraInfo": "Antigua and Barbuda" }, "geometry": { "type": "Polygon", "coordinates": [ [ [ -61.773549405171714, 17.66064104288666 ], [ -61.773549405171714, 17.660394556935458 ], [ -61.773860330206048, 17.660394556935458 ], [ -61.773860330206048, 17.66064104288666 ], [ -61.773549405171714, 17.66064104288666 ] ] ] } },
{ "type": "Feature", "properties": { "PLOTID": "354", "ExtraInfo": "Antigua and Barbuda" }, "geometry": { "type": "Polygon", "coordinates": [ [ [ -61.828272211214923, 17.628107743055661 ], [ -61.828272211214923, 17.627861300533706 ], [ -61.828583136249257, 17.627861300533706 ], [ -61.828583136249257, 17.628107743055661 ], [ -61.828272211214923, 17.628107743055661 ] ] ] } },
{ "type": "Feature", "properties": { "PLOTID": "355", "ExtraInfo": "Antigua and Barbuda" }, "geometry": { "type": "Polygon", "coordinates": [ [ [ -61.800910808193315, 17.612089662413087 ], [ -61.800910808193315, 17.611843241239633 ], [ -61.801221733227649, 17.611843241239633 ], [ -61.801221733227649, 17.612089662413087 ], [ -61.800910808193315, 17.612089662413087 ] ] ] } },
{ "type": "Feature", "properties": { "PLOTID": "356", "ExtraInfo": "Antigua and Barbuda" }, "geometry": { "type": "Polygon", "coordinates": [ [ [ -61.89605386870025, 17.072221158509883 ], [ -61.89605386870025, 17.071975443687144 ], [ -61.896364793734584, 17.071975443687144 ], [ -61.896364793734584, 17.072221158509883 ], [ -61.89605386870025, 17.072221158509883 ] ] ] } },
{ "type": "Feature", "properties": { "PLOTID": "357", "ExtraInfo": "Antigua and Barbuda" }, "geometry": { "type": "Polygon", "coordinates": [ [ [ -61.811171334326417, 17.039543856043018 ], [ -61.811171334326417, 17.039298183157399 ], [ -61.811482259360751, 17.039298183157399 ], [ -61.811482259360751, 17.039543856043018 ], [ -61.811171334326417, 17.039543856043018 ] ] ] } },
{ "type": "Feature", "properties": { "PLOTID": "358", "ExtraInfo": "Antigua and Barbuda" }, "geometry": { "type": "Polygon", "coordinates": [ [ [ -61.748986327459136, 17.035858795824669 ], [ -61.748986327459136, 17.035613127662526 ], [ -61.749297252493484, 17.035613127662526 ], [ -61.749297252493484, 17.035858795824669 ], [ -61.748986327459136, 17.035858795824669 ] ] ] } },
{ "type": "Feature", "properties": { "PLOTID": "359", "ExtraInfo": "Antigua and Barbuda" }, "geometry": { "type": "Polygon", "coordinates": [ [ [ -61.799356183021629, 17.017680201879443 ], [ -61.799356183021629, 17.017434557001209 ], [ -61.799667108055964, 17.017434557001209 ], [ -61.799667108055964, 17.017680201879443 ], [ -61.799356183021629, 17.017680201879443 ] ] ] } },
{ "type": "Feature", "properties": { "PLOTID": "360", "ExtraInfo": "Antigua and Barbuda" }, "geometry": { "type": "Polygon", "coordinates": [ [ [ -61.870868940919003, 17.033402128370994 ], [ -61.870868940919003, 17.033156463357134 ], [ -61.871179865953337, 17.033156463357134 ], [ -61.871179865953337, 17.033402128370994 ], [ -61.870868940919003, 17.033402128370994 ] ] ] } },
{ "type": "Feature", "properties": { "PLOTID": "361", "ExtraInfo": "Antigua and Barbuda" }, "geometry": { "type": "Polygon", "coordinates": [ [ [ -61.810549484257734, 17.080329924799589 ], [ -61.810549484257734, 17.080084199555898 ], [ -61.810860409292069, 17.080084199555898 ], [ -61.810860409292069, 17.080329924799589 ], [ -61.810549484257734, 17.080329924799589 ] ] ] } },
{ "type": "Feature", "properties": { "PLOTID": "362", "ExtraInfo": "Antigua and Barbuda" }, "geometry": { "type": "Polygon", "coordinates": [ [ [ -61.718204749059836, 17.094336786017664 ], [ -61.718204749059836, 17.094091042759658 ], [ -61.718515674094171, 17.094091042759658 ], [ -61.718515674094171, 17.094336786017664 ], [ -61.718204749059836, 17.094336786017664 ] ] ] } },
{ "type": "Feature", "properties": { "PLOTID": "363", "ExtraInfo": "Antigua and Barbuda" }, "geometry": { "type": "Polygon", "coordinates": [ [ [ -61.815213359772791, 17.682333097163401 ], [ -61.815213359772791, 17.682086582203187 ], [ -61.815524284807125, 17.682086582203187 ], [ -61.815524284807125, 17.682333097163401 ], [ -61.815213359772791, 17.682333097163401 ] ] ] } },
{ "type": "Feature", "properties": { "PLOTID": "364", "ExtraInfo": "Antigua and Barbuda" }, "geometry": { "type": "Polygon", "coordinates": [ [ [ -61.781633456064462, 17.603957936971867 ], [ -61.781633456064462, 17.603711526627507 ], [ -61.781944381098796, 17.603711526627507 ], [ -61.781944381098796, 17.603957936971867 ], [ -61.781633456064462, 17.603957936971867 ] ] ] } },
{ "type": "Feature", "properties": { "PLOTID": "365", "ExtraInfo": "Antigua and Barbuda" }, "geometry": { "type": "Polygon", "coordinates": [ [ [ -61.783809931304816, 17.044457379901118 ], [ -61.783809931304816, 17.044211700715547 ], [ -61.78412085633915, 17.044211700715547 ], [ -61.78412085633915, 17.044457379901118 ], [ -61.783809931304816, 17.044457379901118 ] ] ] } },
{ "type": "Feature", "properties": { "PLOTID": "366", "ExtraInfo": "Antigua and Barbuda" }, "geometry": { "type": "Polygon", "coordinates": [ [ [ -61.85532268920219, 17.113014199255677 ], [ -61.85532268920219, 17.112768431949963 ], [ -61.855633614236524, 17.112768431949963 ], [ -61.855633614236524, 17.113014199255677 ], [ -61.85532268920219, 17.113014199255677 ] ] ] } },
{ "type": "Feature", "properties": { "PLOTID": "367", "ExtraInfo": "Antigua and Barbuda" }, "geometry": { "type": "Polygon", "coordinates": [ [ [ -61.674364319218405, 17.069272601471209 ], [ -61.674364319218405, 17.069026890436366 ], [ -61.67467524425274, 17.069026890436366 ], [ -61.67467524425274, 17.069272601471209 ], [ -61.674364319218405, 17.069272601471209 ] ] ] } },
{ "type": "Feature", "properties": { "PLOTID": "368", "ExtraInfo": "Antigua and Barbuda" }, "geometry": { "type": "Polygon", "coordinates": [ [ [ -61.771683854965694, 17.023575773302458 ], [ -61.771683854965694, 17.023330120876079 ], [ -61.771994780000043, 17.023330120876079 ], [ -61.771994780000043, 17.023575773302458 ], [ -61.771683854965694, 17.023575773302458 ] ] ] } },
{ "type": "Feature", "properties": { "PLOTID": "369", "ExtraInfo": "Antigua and Barbuda" }, "geometry": { "type": "Polygon", "coordinates": [ [ [ -61.806507458811375, 17.658669164499639 ], [ -61.806507458811375, 17.658422681183396 ], [ -61.806818383845709, 17.658422681183396 ], [ -61.806818383845709, 17.658669164499639 ], [ -61.806507458811375, 17.658669164499639 ] ] ] } },
{ "type": "Feature", "properties": { "PLOTID": "370", "ExtraInfo": "Antigua and Barbuda" }, "geometry": { "type": "Polygon", "coordinates": [ [ [ -61.86620506540396, 17.074924042397257 ], [ -61.86620506540396, 17.074678324101544 ], [ -61.866515990438295, 17.074678324101544 ], [ -61.866515990438295, 17.074924042397257 ], [ -61.86620506540396, 17.074924042397257 ] ] ] } },
{ "type": "Feature", "properties": { "PLOTID": "371", "ExtraInfo": "Antigua and Barbuda" }, "geometry": { "type": "Polygon", "coordinates": [ [ [ -61.737793026223031, 17.590159462733617 ], [ -61.737793026223031, 17.589913070751479 ], [ -61.738103951257365, 17.589913070751479 ], [ -61.738103951257365, 17.590159462733617 ], [ -61.737793026223031, 17.590159462733617 ] ] ] } },
{ "type": "Feature", "properties": { "PLOTID": "372", "ExtraInfo": "Antigua and Barbuda" }, "geometry": { "type": "Polygon", "coordinates": [ [ [ -61.826717586043237, 17.138329928674892 ], [ -61.826717586043237, 17.138084128725971 ], [ -61.827028511077572, 17.138084128725971 ], [ -61.827028511077572, 17.138329928674892 ], [ -61.826717586043237, 17.138329928674892 ] ] ] } },
{ "type": "Feature", "properties": { "PLOTID": "373", "ExtraInfo": "Antigua and Barbuda" }, "geometry": { "type": "Polygon", "coordinates": [ [ [ -61.837910887279342, 17.162665694771054 ], [ -61.837910887279342, 17.1624198633899 ], [ -61.838221812313691, 17.1624198633899 ], [ -61.838221812313691, 17.162665694771054 ], [ -61.837910887279342, 17.162665694771054 ] ] ] } },
{ "type": "Feature", "properties": { "PLOTID": "374", "ExtraInfo": "Antigua and Barbuda" }, "geometry": { "type": "Polygon", "coordinates": [ [ [ -61.871179865953337, 17.051582213355225 ], [ -61.871179865953337, 17.051336525030717 ], [ -61.871490790987686, 17.051336525030717 ], [ -61.871490790987686, 17.051582213355225 ], [ -61.871179865953337, 17.051582213355225 ] ] ] } },
{ "type": "Feature", "properties": { "PLOTID": "375", "ExtraInfo": "Antigua and Barbuda" }, "geometry": { "type": "Polygon", "coordinates": [ [ [ -61.749919102562153, 16.999994574007729 ], [ -61.749919102562153, 16.999748951754448 ], [ -61.750230027596487, 16.999748951754448 ], [ -61.750230027596487, 16.999994574007729 ], [ -61.749919102562153, 16.999994574007729 ] ] ] } },
{ "type": "Feature", "properties": { "PLOTID": "376", "ExtraInfo": "Antigua and Barbuda" }, "geometry": { "type": "Polygon", "coordinates": [ [ [ -61.821742785493853, 17.673212263304237 ], [ -61.821742785493853, 17.672965760546472 ], [ -61.822053710528188, 17.672965760546472 ], [ -61.822053710528188, 17.673212263304237 ], [ -61.821742785493853, 17.673212263304237 ] ] ] } },
{ "type": "Feature", "properties": { "PLOTID": "377", "ExtraInfo": "Antigua and Barbuda" }, "geometry": { "type": "Polygon", "coordinates": [ [ [ -61.870868940919003, 17.029471525921718 ], [ -61.870868940919003, 17.029225865943932 ], [ -61.871179865953337, 17.029225865943932 ], [ -61.871179865953337, 17.029471525921718 ], [ -61.870868940919003, 17.029471525921718 ] ] ] } },
{ "type": "Feature", "properties": { "PLOTID": "378", "ExtraInfo": "Antigua and Barbuda" }, "geometry": { "type": "Polygon", "coordinates": [ [ [ -61.806507458811375, 17.690221750112357 ], [ -61.806507458811375, 17.689975224592267 ], [ -61.806818383845709, 17.689975224592267 ], [ -61.806818383845709, 17.690221750112357 ], [ -61.806507458811375, 17.690221750112357 ] ] ] } },
{ "type": "Feature", "properties": { "PLOTID": "379", "ExtraInfo": "Antigua and Barbuda" }, "geometry": { "type": "Polygon", "coordinates": [ [ [ -61.790339357025879, 17.09851446978772 ], [ -61.790339357025879, 17.09826872115346 ], [ -61.790650282060213, 17.09826872115346 ], [ -61.790650282060213, 17.09851446978772 ], [ -61.790339357025879, 17.09851446978772 ] ] ] } },
{ "type": "Feature", "properties": { "PLOTID": "380", "ExtraInfo": "Antigua and Barbuda" }, "geometry": { "type": "Polygon", "coordinates": [ [ [ -61.712919023476111, 17.061901407698564 ], [ -61.712919023476111, 17.061655706129923 ], [ -61.71322994851046, 17.061655706129923 ], [ -61.71322994851046, 17.061901407698564 ], [ -61.712919023476111, 17.061901407698564 ] ] ] } },
{ "type": "Feature", "properties": { "PLOTID": "381", "ExtraInfo": "Antigua and Barbuda" }, "geometry": { "type": "Polygon", "coordinates": [ [ [ -61.818633535150489, 17.122107812209482 ], [ -61.818633535150489, 17.121862033184488 ], [ -61.818944460184824, 17.121862033184488 ], [ -61.818944460184824, 17.122107812209482 ], [ -61.818633535150489, 17.122107812209482 ] ] ] } },
{ "type": "Feature", "properties": { "PLOTID": "382", "ExtraInfo": "Antigua and Barbuda" }, "geometry": { "type": "Polygon", "coordinates": [ [ [ -61.744322451944093, 17.594101779024029 ], [ -61.744322451944093, 17.593855381797393 ], [ -61.744633376978427, 17.593855381797393 ], [ -61.744633376978427, 17.594101779024029 ], [ -61.744322451944093, 17.594101779024029 ] ] ] } },
{ "type": "Feature", "properties": { "PLOTID": "383", "ExtraInfo": "Antigua and Barbuda" }, "geometry": { "type": "Polygon", "coordinates": [ [ [ -61.72784342512427, 17.045440099794007 ], [ -61.72784342512427, 17.045194419348178 ], [ -61.728154350158604, 17.045194419348178 ], [ -61.728154350158604, 17.045440099794007 ], [ -61.72784342512427, 17.045440099794007 ] ] ] } },
{ "type": "Feature", "properties": { "PLOTID": "384", "ExtraInfo": "Antigua and Barbuda" }, "geometry": { "type": "Polygon", "coordinates": [ [ [ -61.762977954004278, 16.999994574007729 ], [ -61.762977954004278, 16.999748951754448 ], [ -61.763288879038612, 16.999748951754448 ], [ -61.763288879038612, 16.999994574007729 ], [ -61.762977954004278, 16.999994574007729 ] ] ] } },
{ "type": "Feature", "properties": { "PLOTID": "385", "ExtraInfo": "Antigua and Barbuda" }, "geometry": { "type": "Polygon", "coordinates": [ [ [ -61.851280663755816, 17.155290891545668 ], [ -61.851280663755816, 17.155045069695301 ], [ -61.85159158879015, 17.155045069695301 ], [ -61.85159158879015, 17.155290891545668 ], [ -61.851280663755816, 17.155290891545668 ] ] ] } },
{ "type": "Feature", "properties": { "PLOTID": "386", "ExtraInfo": "Antigua and Barbuda" }, "geometry": { "type": "Polygon", "coordinates": [ [ [ -61.743389676841083, 17.052810659706193 ], [ -61.743389676841083, 17.052564969805527 ], [ -61.743700601875425, 17.052564969805527 ], [ -61.743700601875425, 17.052810659706193 ], [ -61.743389676841083, 17.052810659706193 ] ] ] } },
{ "type": "Feature", "properties": { "PLOTID": "387", "ExtraInfo": "Antigua and Barbuda" }, "geometry": { "type": "Polygon", "coordinates": [ [ [ -61.799045257987295, 17.148653813048682 ], [ -61.799045257987295, 17.148407999771663 ], [ -61.799356183021629, 17.148407999771663 ], [ -61.799356183021629, 17.148653813048682 ], [ -61.799045257987295, 17.148653813048682 ] ] ] } },
{ "type": "Feature", "properties": { "PLOTID": "388", "ExtraInfo": "Antigua and Barbuda" }, "geometry": { "type": "Polygon", "coordinates": [ [ [ -61.760490553729589, 17.115717660517699 ], [ -61.760490553729589, 17.115471889728688 ], [ -61.760801478763923, 17.115471889728688 ], [ -61.760801478763923, 17.115717660517699 ], [ -61.760490553729589, 17.115717660517699 ] ] ] } },
{ "type": "Feature", "properties": { "PLOTID": "389", "ExtraInfo": "Antigua and Barbuda" }, "geometry": { "type": "Polygon", "coordinates": [ [ [ -61.814591509704123, 17.057233131831261 ], [ -61.814591509704123, 17.056987436255245 ], [ -61.814902434738457, 17.056987436255245 ], [ -61.814902434738457, 17.057233131831261 ], [ -61.814591509704123, 17.057233131831261 ] ] ] } },
{ "type": "Feature", "properties": { "PLOTID": "390", "ExtraInfo": "Antigua and Barbuda" }, "geometry": { "type": "Polygon", "coordinates": [ [ [ -61.804641908605355, 17.621946778580643 ], [ -61.804641908605355, 17.621700344272551 ], [ -61.804952833639689, 17.621700344272551 ], [ -61.804952833639689, 17.621946778580643 ], [ -61.804641908605355, 17.621946778580643 ] ] ] } },
{ "type": "Feature", "properties": { "PLOTID": "391", "ExtraInfo": "Antigua and Barbuda" }, "geometry": { "type": "Polygon", "coordinates": [ [ [ -61.827961286180582, 17.042491955237676 ], [ -61.827961286180582, 17.042246278572364 ], [ -61.828272211214923, 17.042246278572364 ], [ -61.828272211214923, 17.042491955237676 ], [ -61.827961286180582, 17.042491955237676 ] ] ] } },
{ "type": "Feature", "properties": { "PLOTID": "392", "ExtraInfo": "Antigua and Barbuda" }, "geometry": { "type": "Polygon", "coordinates": [ [ [ -61.849104188515462, 17.588434725740854 ], [ -61.849104188515462, 17.588188336052724 ], [ -61.849415113549796, 17.588188336052724 ], [ -61.849415113549796, 17.588434725740854 ], [ -61.849104188515462, 17.588434725740854 ] ] ] } },
{ "type": "Feature", "properties": { "PLOTID": "393", "ExtraInfo": "Antigua and Barbuda" }, "geometry": { "type": "Polygon", "coordinates": [ [ [ -61.887037042704499, 17.049125344294133 ], [ -61.887037042704499, 17.048879659121525 ], [ -61.887347967738833, 17.048879659121525 ], [ -61.887347967738833, 17.049125344294133 ], [ -61.887037042704499, 17.049125344294133 ] ] ] } },
{ "type": "Feature", "properties": { "PLOTID": "394", "ExtraInfo": "Antigua and Barbuda" }, "geometry": { "type": "Polygon", "coordinates": [ [ [ -61.829826836386594, 17.630079295062437 ], [ -61.829826836386594, 17.629832849911288 ], [ -61.830137761420943, 17.629832849911288 ], [ -61.830137761420943, 17.630079295062437 ], [ -61.829826836386594, 17.630079295062437 ] ] ] } },
{ "type": "Feature", "properties": { "PLOTID": "395", "ExtraInfo": "Antigua and Barbuda" }, "geometry": { "type": "Polygon", "coordinates": [ [ [ -61.771683854965694, 17.051827901994958 ], [ -61.771683854965694, 17.051582213355225 ], [ -61.771994780000043, 17.051582213355225 ], [ -61.771994780000043, 17.051827901994958 ], [ -61.771683854965694, 17.051827901994958 ] ] ] } },
{ "type": "Feature", "properties": { "PLOTID": "396", "ExtraInfo": "Antigua and Barbuda" }, "geometry": { "type": "Polygon", "coordinates": [ [ [ -61.716028273819482, 17.032173806449613 ], [ -61.716028273819482, 17.031928143009679 ], [ -61.716339198853817, 17.031928143009679 ], [ -61.716339198853817, 17.032173806449613 ], [ -61.716028273819482, 17.032173806449613 ] ] ] } },
{ "type": "Feature", "properties": { "PLOTID": "397", "ExtraInfo": "Antigua and Barbuda" }, "geometry": { "type": "Polygon", "coordinates": [ [ [ -61.739658576429044, 17.117683838231393 ], [ -61.739658576429044, 17.11743806490864 ], [ -61.739969501463385, 17.11743806490864 ], [ -61.739969501463385, 17.117683838231393 ], [ -61.739658576429044, 17.117683838231393 ] ] ] } },
{ "type": "Feature", "properties": { "PLOTID": "398", "ExtraInfo": "Antigua and Barbuda" }, "geometry": { "type": "Polygon", "coordinates": [ [ [ -61.783809931304816, 17.017434557001209 ], [ -61.783809931304816, 17.017188912437412 ], [ -61.78412085633915, 17.017188912437412 ], [ -61.78412085633915, 17.017434557001209 ], [ -61.783809931304816, 17.017434557001209 ] ] ] } },
{ "type": "Feature", "properties": { "PLOTID": "399", "ExtraInfo": "Antigua and Barbuda" }, "geometry": { "type": "Polygon", "coordinates": [ [ [ -61.843818462931736, 17.594594574460782 ], [ -61.843818462931736, 17.594348176578485 ], [ -61.844129387966071, 17.594348176578485 ], [ -61.844129387966071, 17.594594574460782 ], [ -61.843818462931736, 17.594594574460782 ] ] ] } },
{ "type": "Feature", "properties": { "PLOTID": "400", "ExtraInfo": "Antigua and Barbuda" }, "geometry": { "type": "Polygon", "coordinates": [ [ [ -61.780700680961445, 17.107361631321531 ], [ -61.780700680961445, 17.107115871296866 ], [ -61.781011605995793, 17.107115871296866 ], [ -61.781011605995793, 17.107361631321531 ], [ -61.780700680961445, 17.107361631321531 ] ] ] } },
{ "type": "Feature", "properties": { "PLOTID": "401", "ExtraInfo": "Antigua and Barbuda" }, "geometry": { "type": "Polygon", "coordinates": [ [ [ -61.796868782746941, 17.682333097163401 ], [ -61.796868782746941, 17.682086582203187 ], [ -61.797179707781275, 17.682086582203187 ], [ -61.797179707781275, 17.682333097163401 ], [ -61.796868782746941, 17.682333097163401 ] ] ] } },
{ "type": "Feature", "properties": { "PLOTID": "402", "ExtraInfo": "Antigua and Barbuda" }, "geometry": { "type": "Polygon", "coordinates": [ [ [ -61.753961128008527, 17.569217313683911 ], [ -61.753961128008527, 17.568970949538336 ], [ -61.754272053042861, 17.568970949538336 ], [ -61.754272053042861, 17.569217313683911 ], [ -61.753961128008527, 17.569217313683911 ] ] ] } },
{ "type": "Feature", "properties": { "PLOTID": "403", "ExtraInfo": "Antigua and Barbuda" }, "geometry": { "type": "Polygon", "coordinates": [ [ [ -61.832314236661297, 17.134888758254334 ], [ -61.832314236661297, 17.134642962745879 ], [ -61.832625161695631, 17.134642962745879 ], [ -61.832625161695631, 17.134888758254334 ], [ -61.832314236661297, 17.134888758254334 ] ] ] } },
{ "type": "Feature", "properties": { "PLOTID": "404", "ExtraInfo": "Antigua and Barbuda" }, "geometry": { "type": "Polygon", "coordinates": [ [ [ -61.869003390712983, 17.113997271644937 ], [ -61.869003390712983, 17.113751503072653 ], [ -61.869314315747317, 17.113751503072653 ], [ -61.869314315747317, 17.113997271644937 ], [ -61.869003390712983, 17.113997271644937 ] ] ] } },
{ "type": "Feature", "properties": { "PLOTID": "405", "ExtraInfo": "Antigua and Barbuda" }, "geometry": { "type": "Polygon", "coordinates": [ [ [ -61.771994780000043, 17.014732484092139 ], [ -61.771994780000043, 17.014486842986759 ], [ -61.772305705034377, 17.014486842986759 ], [ -61.772305705034377, 17.014732484092139 ], [ -61.771994780000043, 17.014732484092139 ] ] ] } },
{ "type": "Feature", "properties": { "PLOTID": "406", "ExtraInfo": "Antigua and Barbuda" }, "geometry": { "type": "Polygon", "coordinates": [ [ [ -61.685557620454524, 17.066324089882915 ], [ -61.685557620454524, 17.066078382635162 ], [ -61.685868545488859, 17.066078382635162 ], [ -61.685868545488859, 17.066324089882915 ], [ -61.685557620454524, 17.066324089882915 ] ] ] } },
{ "type": "Feature", "properties": { "PLOTID": "407", "ExtraInfo": "Antigua and Barbuda" }, "geometry": { "type": "Polygon", "coordinates": [ [ [ -61.763910729107295, 17.574883779363624 ], [ -61.763910729107295, 17.574637407689938 ], [ -61.764221654141629, 17.574637407689938 ], [ -61.764221654141629, 17.574883779363624 ], [ -61.763910729107295, 17.574883779363624 ] ] ] } },
{ "type": "Feature", "properties": { "PLOTID": "408", "ExtraInfo": "Antigua and Barbuda" }, "geometry": { "type": "Polygon", "coordinates": [ [ [ -61.718204749059836, 17.09114214832551 ], [ -61.718204749059836, 17.090896409177645 ], [ -61.718515674094171, 17.090896409177645 ], [ -61.718515674094171, 17.09114214832551 ], [ -61.718204749059836, 17.09114214832551 ] ] ] } },
{ "type": "Feature", "properties": { "PLOTID": "409", "ExtraInfo": "Antigua and Barbuda" }, "geometry": { "type": "Polygon", "coordinates": [ [ [ -61.693330746312924, 17.055021882999085 ], [ -61.693330746312924, 17.054776190260977 ], [ -61.693641671347258, 17.054776190260977 ], [ -61.693641671347258, 17.055021882999085 ], [ -61.693330746312924, 17.055021882999085 ] ] ] } },
{ "type": "Feature", "properties": { "PLOTID": "410", "ExtraInfo": "Antigua and Barbuda" }, "geometry": { "type": "Polygon", "coordinates": [ [ [ -61.872423566090674, 17.090404931830303 ], [ -61.872423566090674, 17.0901591936308 ], [ -61.872734491125023, 17.0901591936308 ], [ -61.872734491125023, 17.090404931830303 ], [ -61.872423566090674, 17.090404931830303 ] ] ] } },
{ "type": "Feature", "properties": { "PLOTID": "411", "ExtraInfo": "Antigua and Barbuda" }, "geometry": { "type": "Polygon", "coordinates": [ [ [ -61.850347888652799, 17.076644079308753 ], [ -61.850347888652799, 17.076398358802621 ], [ -61.850658813687133, 17.076398358802621 ], [ -61.850658813687133, 17.076644079308753 ], [ -61.850347888652799, 17.076644079308753 ] ] ] } },
{ "type": "Feature", "properties": { "PLOTID": "412", "ExtraInfo": "Antigua and Barbuda" }, "geometry": { "type": "Polygon", "coordinates": [ [ [ -61.795314157575255, 17.096794235989915 ], [ -61.795314157575255, 17.096548489569606 ], [ -61.795625082609604, 17.096548489569606 ], [ -61.795625082609604, 17.096794235989915 ], [ -61.795314157575255, 17.096794235989915 ] ] ] } },
{ "type": "Feature", "properties": { "PLOTID": "413", "ExtraInfo": "Antigua and Barbuda" }, "geometry": { "type": "Polygon", "coordinates": [ [ [ -61.881129467052105, 17.060181503342378 ], [ -61.881129467052105, 17.05993580398178 ], [ -61.881440392086439, 17.05993580398178 ], [ -61.881440392086439, 17.060181503342378 ], [ -61.881129467052105, 17.060181503342378 ] ] ] } },
{ "type": "Feature", "properties": { "PLOTID": "414", "ExtraInfo": "Antigua and Barbuda" }, "geometry": { "type": "Polygon", "coordinates": [ [ [ -61.715095498716479, 17.047159871737357 ], [ -61.715095498716479, 17.04691418908585 ], [ -61.715406423750814, 17.04691418908585 ], [ -61.715406423750814, 17.047159871737357 ], [ -61.715095498716479, 17.047159871737357 ] ] ] } },
{ "type": "Feature", "properties": { "PLOTID": "415", "ExtraInfo": "Antigua and Barbuda" }, "geometry": { "type": "Polygon", "coordinates": [ [ [ -61.808373009017394, 17.665817323961086 ], [ -61.808373009017394, 17.665570831091365 ], [ -61.808683934051729, 17.665570831091365 ], [ -61.808683934051729, 17.665817323961086 ], [ -61.808373009017394, 17.665817323961086 ] ] ] } },
{ "type": "Feature", "properties": { "PLOTID": "416", "ExtraInfo": "Antigua and Barbuda" }, "geometry": { "type": "Polygon", "coordinates": [ [ [ -61.812415034463754, 17.584738914823848 ], [ -61.812415034463754, 17.584492530050476 ], [ -61.812725959498103, 17.584492530050476 ], [ -61.812725959498103, 17.584738914823848 ], [ -61.812415034463754, 17.584738914823848 ] ] ] } },
{ "type": "Feature", "properties": { "PLOTID": "417", "ExtraInfo": "Antigua and Barbuda" }, "geometry": { "type": "Polygon", "coordinates": [ [ [ -61.744011526909759, 17.633283111939043 ], [ -61.744011526909759, 17.633036662514652 ], [ -61.744322451944093, 17.633036662514652 ], [ -61.744322451944093, 17.633283111939043 ], [ -61.744011526909759, 17.633283111939043 ] ] ] } },
{ "type": "Feature", "properties": { "PLOTID": "418", "ExtraInfo": "Antigua and Barbuda" }, "geometry": { "type": "Polygon", "coordinates": [ [ [ -61.739347651394709, 17.060181503342378 ], [ -61.739347651394709, 17.05993580398178 ], [ -61.739658576429044, 17.05993580398178 ], [ -61.739658576429044, 17.060181503342378 ], [ -61.739347651394709, 17.060181503342378 ] ] ] } },
{ "type": "Feature", "properties": { "PLOTID": "419", "ExtraInfo": "Antigua and Barbuda" }, "geometry": { "type": "Polygon", "coordinates": [ [ [ -61.799978033090312, 17.661873477583693 ], [ -61.799978033090312, 17.661626989985464 ], [ -61.800288958124646, 17.661626989985464 ], [ -61.800288958124646, 17.661873477583693 ], [ -61.799978033090312, 17.661873477583693 ] ] ] } },
{ "type": "Feature", "properties": { "PLOTID": "420", "ExtraInfo": "Antigua and Barbuda" }, "geometry": { "type": "Polygon", "coordinates": [ [ [ -61.734683775879667, 17.551726272210345 ], [ -61.734683775879667, 17.551479931284479 ], [ -61.734994700914001, 17.551479931284479 ], [ -61.734994700914001, 17.551726272210345 ], [ -61.734683775879667, 17.551726272210345 ] ] ] } },
{ "type": "Feature", "properties": { "PLOTID": "421", "ExtraInfo": "Antigua and Barbuda" }, "geometry": { "type": "Polygon", "coordinates": [ [ [ -61.783809931304816, 17.575869269332252 ], [ -61.783809931304816, 17.575622896349007 ], [ -61.78412085633915, 17.575622896349007 ], [ -61.78412085633915, 17.575869269332252 ], [ -61.783809931304816, 17.575869269332252 ] ] ] } },
{ "type": "Feature", "properties": { "PLOTID": "422", "ExtraInfo": "Antigua and Barbuda" }, "geometry": { "type": "Polygon", "coordinates": [ [ [ -61.807751158948712, 17.146195694563168 ], [ -61.807751158948712, 17.145949884460414 ], [ -61.808062083983046, 17.145949884460414 ], [ -61.808062083983046, 17.146195694563168 ], [ -61.807751158948712, 17.146195694563168 ] ] ] } },
{ "type": "Feature", "properties": { "PLOTID": "423", "ExtraInfo": "Antigua and Barbuda" }, "geometry": { "type": "Polygon", "coordinates": [ [ [ -61.774793105309065, 17.626136212081182 ], [ -61.774793105309065, 17.625889772188057 ], [ -61.7751040303434, 17.625889772188057 ], [ -61.7751040303434, 17.626136212081182 ], [ -61.774793105309065, 17.626136212081182 ] ] ] } },
{ "type": "Feature", "properties": { "PLOTID": "424", "ExtraInfo": "Antigua and Barbuda" }, "geometry": { "type": "Polygon", "coordinates": [ [ [ -61.779146055789774, 17.096302743465561 ], [ -61.779146055789774, 17.09605699767776 ], [ -61.779456980824108, 17.09605699767776 ], [ -61.779456980824108, 17.096302743465561 ], [ -61.779146055789774, 17.096302743465561 ] ] ] } },
{ "type": "Feature", "properties": { "PLOTID": "425", "ExtraInfo": "Antigua and Barbuda" }, "geometry": { "type": "Polygon", "coordinates": [ [ [ -61.823297410665532, 17.638212169472375 ], [ -61.823297410665532, 17.637965713471853 ], [ -61.823608335699873, 17.637965713471853 ], [ -61.823608335699873, 17.638212169472375 ], [ -61.823297410665532, 17.638212169472375 ] ] ] } },
{ "type": "Feature", "properties": { "PLOTID": "426", "ExtraInfo": "Antigua and Barbuda" }, "geometry": { "type": "Polygon", "coordinates": [ [ [ -61.748053552356133, 17.641662588013361 ], [ -61.748053552356133, 17.641416127408174 ], [ -61.748364477390467, 17.641416127408174 ], [ -61.748364477390467, 17.641662588013361 ], [ -61.748053552356133, 17.641662588013361 ] ] ] } },
{ "type": "Feature", "properties": { "PLOTID": "427", "ExtraInfo": "Antigua and Barbuda" }, "geometry": { "type": "Polygon", "coordinates": [ [ [ -61.756759453317549, 17.61923601925697 ], [ -61.756759453317549, 17.618989588561817 ], [ -61.757070378351884, 17.618989588561817 ], [ -61.757070378351884, 17.61923601925697 ], [ -61.756759453317549, 17.61923601925697 ] ] ] } },
{ "type": "Feature", "properties": { "PLOTID": "428", "ExtraInfo": "Antigua and Barbuda" }, "geometry": { "type": "Polygon", "coordinates": [ [ [ -61.852835288927501, 17.095811252206197 ], [ -61.852835288927501, 17.095565507050871 ], [ -61.853146213961836, 17.095565507050871 ], [ -61.853146213961836, 17.095811252206197 ], [ -61.852835288927501, 17.095811252206197 ] ] ] } },
{ "type": "Feature", "properties": { "PLOTID": "429", "ExtraInfo": "Antigua and Barbuda" }, "geometry": { "type": "Polygon", "coordinates": [ [ [ -61.866826915472629, 17.682579612453516 ], [ -61.866826915472629, 17.682333097163401 ], [ -61.867137840506963, 17.682333097163401 ], [ -61.867137840506963, 17.682579612453516 ], [ -61.866826915472629, 17.682579612453516 ] ] ] } },
{ "type": "Feature", "properties": { "PLOTID": "430", "ExtraInfo": "Antigua and Barbuda" }, "geometry": { "type": "Polygon", "coordinates": [ [ [ -61.825473885905893, 17.088684771071897 ], [ -61.825473885905893, 17.088439035085035 ], [ -61.825784810940227, 17.088439035085035 ], [ -61.825784810940227, 17.088684771071897 ], [ -61.825473885905893, 17.088684771071897 ] ] ] } },
{ "type": "Feature", "properties": { "PLOTID": "431", "ExtraInfo": "Antigua and Barbuda" }, "geometry": { "type": "Polygon", "coordinates": [ [ [ -61.838221812313691, 17.043720343289557 ], [ -61.838221812313691, 17.043474665049125 ], [ -61.838532737348025, 17.043474665049125 ], [ -61.838532737348025, 17.043720343289557 ], [ -61.838221812313691, 17.043720343289557 ] ] ] } },
{ "type": "Feature", "properties": { "PLOTID": "432", "ExtraInfo": "Antigua and Barbuda" }, "geometry": { "type": "Polygon", "coordinates": [ [ [ -61.80992763418908, 17.676170322114942 ], [ -61.80992763418908, 17.675923815400509 ], [ -61.8102385592234, 17.675923815400509 ], [ -61.8102385592234, 17.676170322114942 ], [ -61.80992763418908, 17.676170322114942 ] ] ] } },
{ "type": "Feature", "properties": { "PLOTID": "433", "ExtraInfo": "Antigua and Barbuda" }, "geometry": { "type": "Polygon", "coordinates": [ [ [ -61.796557857712607, 17.611596820394421 ], [ -61.796557857712607, 17.611350399877452 ], [ -61.796868782746941, 17.611350399877452 ], [ -61.796868782746941, 17.611596820394421 ], [ -61.796557857712607, 17.611596820394421 ] ] ] } },
{ "type": "Feature", "properties": { "PLOTID": "434", "ExtraInfo": "Antigua and Barbuda" }, "geometry": { "type": "Polygon", "coordinates": [ [ [ -61.806507458811375, 17.161928201580913 ], [ -61.806507458811375, 17.161682371153066 ], [ -61.806818383845709, 17.161682371153066 ], [ -61.806818383845709, 17.161928201580913 ], [ -61.806507458811375, 17.161928201580913 ] ] ] } },
{ "type": "Feature", "properties": { "PLOTID": "435", "ExtraInfo": "Antigua and Barbuda" }, "geometry": { "type": "Polygon", "coordinates": [ [ [ -61.79158305716323, 17.105395559985876 ], [ -61.79158305716323, 17.105149802493045 ], [ -61.791893982197564, 17.105149802493045 ], [ -61.791893982197564, 17.105395559985876 ], [ -61.79158305716323, 17.105395559985876 ] ] ] } },
{ "type": "Feature", "properties": { "PLOTID": "436", "ExtraInfo": "Antigua and Barbuda" }, "geometry": { "type": "Polygon", "coordinates": [ [ [ -61.786297331579505, 17.594594574460782 ], [ -61.786297331579505, 17.594348176578485 ], [ -61.786608256613839, 17.594348176578485 ], [ -61.786608256613839, 17.594594574460782 ], [ -61.786297331579505, 17.594594574460782 ] ] ] } },
{ "type": "Feature", "properties": { "PLOTID": "437", "ExtraInfo": "Antigua and Barbuda" }, "geometry": { "type": "Polygon", "coordinates": [ [ [ -61.775725880412068, 17.660148071313653 ], [ -61.775725880412068, 17.659901586021221 ], [ -61.776036805446402, 17.659901586021221 ], [ -61.776036805446402, 17.660148071313653 ], [ -61.775725880412068, 17.660148071313653 ] ] ] } },
{ "type": "Feature", "properties": { "PLOTID": "438", "ExtraInfo": "Antigua and Barbuda" }, "geometry": { "type": "Polygon", "coordinates": [ [ [ -61.857810089476878, 17.08794756405953 ], [ -61.857810089476878, 17.087701829020862 ], [ -61.858121014511212, 17.087701829020862 ], [ -61.858121014511212, 17.08794756405953 ], [ -61.857810089476878, 17.08794756405953 ] ] ] } },
{ "type": "Feature", "properties": { "PLOTID": "439", "ExtraInfo": "Antigua and Barbuda" }, "geometry": { "type": "Polygon", "coordinates": [ [ [ -61.779456980824108, 17.59311619208442 ], [ -61.779456980824108, 17.592869796169051 ], [ -61.779767905858442, 17.592869796169051 ], [ -61.779767905858442, 17.59311619208442 ], [ -61.779456980824108, 17.59311619208442 ] ] ] } },
{ "type": "Feature", "properties": { "PLOTID": "440", "ExtraInfo": "Antigua and Barbuda" }, "geometry": { "type": "Polygon", "coordinates": [ [ [ -61.753028352905524, 17.14988288419574 ], [ -61.753028352905524, 17.14963706933138 ], [ -61.753339277939858, 17.14963706933138 ], [ -61.753339277939858, 17.14988288419574 ], [ -61.753028352905524, 17.14988288419574 ] ] ] } },
{ "type": "Feature", "properties": { "PLOTID": "441", "ExtraInfo": "Antigua and Barbuda" }, "geometry": { "type": "Polygon", "coordinates": [ [ [ -61.818011685081814, 17.167828227191489 ], [ -61.818011685081814, 17.167582389135738 ], [ -61.818322610116148, 17.167582389135738 ], [ -61.818322610116148, 17.167828227191489 ], [ -61.818011685081814, 17.167828227191489 ] ] ] } },
{ "type": "Feature", "properties": { "PLOTID": "442", "ExtraInfo": "Antigua and Barbuda" }, "geometry": { "type": "Polygon", "coordinates": [ [ [ -61.756137603248881, 17.659162132120187 ], [ -61.756137603248881, 17.658915648145239 ], [ -61.756448528283215, 17.658915648145239 ], [ -61.756448528283215, 17.659162132120187 ], [ -61.756137603248881, 17.659162132120187 ] ] ] } },
{ "type": "Feature", "properties": { "PLOTID": "443", "ExtraInfo": "Antigua and Barbuda" }, "geometry": { "type": "Polygon", "coordinates": [ [ [ -61.817078909978804, 17.146195694563168 ], [ -61.817078909978804, 17.145949884460414 ], [ -61.817389835013145, 17.145949884460414 ], [ -61.817389835013145, 17.146195694563168 ], [ -61.817078909978804, 17.146195694563168 ] ] ] } },
{ "type": "Feature", "properties": { "PLOTID": "444", "ExtraInfo": "Antigua and Barbuda" }, "geometry": { "type": "Polygon", "coordinates": [ [ [ -61.658818067501592, 17.070501161379944 ], [ -61.658818067501592, 17.070255448766904 ], [ -61.659128992535926, 17.070255448766904 ], [ -61.659128992535926, 17.070501161379944 ], [ -61.658818067501592, 17.070501161379944 ] ] ] } },
{ "type": "Feature", "properties": { "PLOTID": "445", "ExtraInfo": "Antigua and Barbuda" }, "geometry": { "type": "Polygon", "coordinates": [ [ [ -61.734994700914001, 17.023821426043423 ], [ -61.734994700914001, 17.023575773302458 ], [ -61.735305625948335, 17.023575773302458 ], [ -61.735305625948335, 17.023821426043423 ], [ -61.734994700914001, 17.023821426043423 ] ] ] } },
{ "type": "Feature", "properties": { "PLOTID": "446", "ExtraInfo": "Antigua and Barbuda" }, "geometry": { "type": "Polygon", "coordinates": [ [ [ -61.78785195675119, 17.14963706933138 ], [ -61.78785195675119, 17.149391254784497 ], [ -61.788162881785524, 17.149391254784497 ], [ -61.788162881785524, 17.14963706933138 ], [ -61.78785195675119, 17.14963706933138 ] ] ] } },
{ "type": "Feature", "properties": { "PLOTID": "447", "ExtraInfo": "Antigua and Barbuda" }, "geometry": { "type": "Polygon", "coordinates": [ [ [ -61.791893982197564, 17.045931461630914 ], [ -61.791893982197564, 17.045685780554919 ], [ -61.792204907231898, 17.045685780554919 ], [ -61.792204907231898, 17.045931461630914 ], [ -61.791893982197564, 17.045931461630914 ] ] ] } },
{ "type": "Feature", "properties": { "PLOTID": "448", "ExtraInfo": "Antigua and Barbuda" }, "geometry": { "type": "Polygon", "coordinates": [ [ [ -61.797179707781275, 17.606914886694661 ], [ -61.797179707781275, 17.606668472413176 ], [ -61.797490632815624, 17.606668472413176 ], [ -61.797490632815624, 17.606914886694661 ], [ -61.797179707781275, 17.606914886694661 ] ] ] } },
{ "type": "Feature", "properties": { "PLOTID": "449", "ExtraInfo": "Antigua and Barbuda" }, "geometry": { "type": "Polygon", "coordinates": [ [ [ -61.828583136249257, 17.685291302420271 ], [ -61.828583136249257, 17.68504478350081 ], [ -61.828894061283592, 17.68504478350081 ], [ -61.828894061283592, 17.685291302420271 ], [ -61.828583136249257, 17.685291302420271 ] ] ] } },
{ "type": "Feature", "properties": { "PLOTID": "450", "ExtraInfo": "Antigua and Barbuda" }, "geometry": { "type": "Polygon", "coordinates": [ [ [ -61.827650361146247, 17.062884217127767 ], [ -61.827650361146247, 17.062638514297255 ], [ -61.827961286180582, 17.062638514297255 ], [ -61.827961286180582, 17.062884217127767 ], [ -61.827650361146247, 17.062884217127767 ] ] ] } },
{ "type": "Feature", "properties": { "PLOTID": "451", "ExtraInfo": "Antigua and Barbuda" }, "geometry": { "type": "Polygon", "coordinates": [ [ [ -61.755204828145864, 17.041263575061098 ], [ -61.755204828145864, 17.041017899970754 ], [ -61.755515753180198, 17.041017899970754 ], [ -61.755515753180198, 17.041263575061098 ], [ -61.755204828145864, 17.041263575061098 ] ] ] } },
{ "type": "Feature", "properties": { "PLOTID": "452", "ExtraInfo": "Antigua and Barbuda" }, "geometry": { "type": "Polygon", "coordinates": [ [ [ -61.768574604622337, 17.633036662514652 ], [ -61.768574604622337, 17.632790213419003 ], [ -61.768885529656671, 17.632790213419003 ], [ -61.768885529656671, 17.633036662514652 ], [ -61.768574604622337, 17.633036662514652 ] ] ] } },
{ "type": "Feature", "properties": { "PLOTID": "453", "ExtraInfo": "Antigua and Barbuda" }, "geometry": { "type": "Polygon", "coordinates": [ [ [ -61.799978033090312, 17.023575773302458 ], [ -61.799978033090312, 17.023330120876079 ], [ -61.800288958124646, 17.023330120876079 ], [ -61.800288958124646, 17.023575773302458 ], [ -61.799978033090312, 17.023575773302458 ] ] ] } },
{ "type": "Feature", "properties": { "PLOTID": "454", "ExtraInfo": "Antigua and Barbuda" }, "geometry": { "type": "Polygon", "coordinates": [ [ [ -61.671255068875048, 17.073449737359166 ], [ -61.671255068875048, 17.073204020957885 ], [ -61.671565993909383, 17.073204020957885 ], [ -61.671565993909383, 17.073449737359166 ], [ -61.671255068875048, 17.073449737359166 ] ] ] } },
{ "type": "Feature", "properties": { "PLOTID": "455", "ExtraInfo": "Antigua and Barbuda" }, "geometry": { "type": "Polygon", "coordinates": [ [ [ -61.748053552356133, 17.568724585720002 ], [ -61.748053552356133, 17.568478222228912 ], [ -61.748364477390467, 17.568478222228912 ], [ -61.748364477390467, 17.568724585720002 ], [ -61.748053552356133, 17.568724585720002 ] ] ] } },
{ "type": "Feature", "properties": { "PLOTID": "456", "ExtraInfo": "Antigua and Barbuda" }, "geometry": { "type": "Polygon", "coordinates": [ [ [ -61.785364556476502, 17.577840264985166 ], [ -61.785364556476502, 17.577593889382545 ], [ -61.785675481510836, 17.577593889382545 ], [ -61.785675481510836, 17.577840264985166 ], [ -61.785364556476502, 17.577840264985166 ] ] ] } },
{ "type": "Feature", "properties": { "PLOTID": "457", "ExtraInfo": "Antigua and Barbuda" }, "geometry": { "type": "Polygon", "coordinates": [ [ [ -61.876776516571397, 17.086473158568189 ], [ -61.876776516571397, 17.086227425425754 ], [ -61.877087441605731, 17.086227425425754 ], [ -61.877087441605731, 17.086473158568189 ], [ -61.876776516571397, 17.086473158568189 ] ] ] } },
{ "type": "Feature", "properties": { "PLOTID": "458", "ExtraInfo": "Antigua and Barbuda" }, "geometry": { "type": "Polygon", "coordinates": [ [ [ -61.867759690575632, 17.025541004038782 ], [ -61.867759690575632, 17.025295349095625 ], [ -61.86807061560998, 17.025295349095625 ], [ -61.86807061560998, 17.025541004038782 ], [ -61.867759690575632, 17.025541004038782 ] ] ] } },
{ "type": "Feature", "properties": { "PLOTID": "459", "ExtraInfo": "Antigua and Barbuda" }, "geometry": { "type": "Polygon", "coordinates": [ [ [ -61.752095577802507, 17.616525299672222 ], [ -61.752095577802507, 17.61627887258933 ], [ -61.752406502836841, 17.61627887258933 ], [ -61.752406502836841, 17.616525299672222 ], [ -61.752095577802507, 17.616525299672222 ] ] ] } },
{ "type": "Feature", "properties": { "PLOTID": "460", "ExtraInfo": "Antigua and Barbuda" }, "geometry": { "type": "Polygon", "coordinates": [ [ [ -61.815213359772791, 17.593362588327597 ], [ -61.815213359772791, 17.59311619208442 ], [ -61.815524284807125, 17.59311619208442 ], [ -61.815524284807125, 17.593362588327597 ], [ -61.815213359772791, 17.593362588327597 ] ] ] } },
{ "type": "Feature", "properties": { "PLOTID": "461", "ExtraInfo": "Antigua and Barbuda" }, "geometry": { "type": "Polygon", "coordinates": [ [ [ -61.80992763418908, 17.687016944096214 ], [ -61.80992763418908, 17.68677042286679 ], [ -61.8102385592234, 17.68677042286679 ], [ -61.8102385592234, 17.687016944096214 ], [ -61.80992763418908, 17.687016944096214 ] ] ] } },
{ "type": "Feature", "properties": { "PLOTID": "462", "ExtraInfo": "Antigua and Barbuda" }, "geometry": { "type": "Polygon", "coordinates": [ [ [ -61.756759453317549, 17.635994077306215 ], [ -61.756759453317549, 17.635747624265239 ], [ -61.757070378351884, 17.635747624265239 ], [ -61.757070378351884, 17.635994077306215 ], [ -61.756759453317549, 17.635994077306215 ] ] ] } },
{ "type": "Feature", "properties": { "PLOTID": "463", "ExtraInfo": "Antigua and Barbuda" }, "geometry": { "type": "Polygon", "coordinates": [ [ [ -61.797490632815624, 17.11965003621664 ], [ -61.797490632815624, 17.119404260359779 ], [ -61.797801557849958, 17.119404260359779 ], [ -61.797801557849958, 17.11965003621664 ], [ -61.797490632815624, 17.11965003621664 ] ] ] } },
{ "type": "Feature", "properties": { "PLOTID": "464", "ExtraInfo": "Antigua and Barbuda" }, "geometry": { "type": "Polygon", "coordinates": [ [ [ -61.871179865953337, 17.067306922029569 ], [ -61.871179865953337, 17.067061213519548 ], [ -61.871490790987686, 17.067061213519548 ], [ -61.871490790987686, 17.067306922029569 ], [ -61.871179865953337, 17.067306922029569 ] ] ] } },
{ "type": "Feature", "properties": { "PLOTID": "465", "ExtraInfo": "Antigua and Barbuda" }, "geometry": { "type": "Polygon", "coordinates": [ [ [ -61.730641750433293, 17.592623400581488 ], [ -61.730641750433293, 17.592377005321715 ], [ -61.730952675467627, 17.592377005321715 ], [ -61.730952675467627, 17.592623400581488 ], [ -61.730641750433293, 17.592623400581488 ] ] ] } },
{ "type": "Feature", "properties": { "PLOTID": "466", "ExtraInfo": "Antigua and Barbuda" }, "geometry": { "type": "Polygon", "coordinates": [ [ [ -61.780700680961445, 17.658915648145239 ], [ -61.780700680961445, 17.658669164499639 ], [ -61.781011605995793, 17.658669164499639 ], [ -61.781011605995793, 17.658915648145239 ], [ -61.780700680961445, 17.658915648145239 ] ] ] } },
{ "type": "Feature", "properties": { "PLOTID": "467", "ExtraInfo": "Antigua and Barbuda" }, "geometry": { "type": "Polygon", "coordinates": [ [ [ -61.880196691949088, 17.055267576052493 ], [ -61.880196691949088, 17.055021882999085 ], [ -61.880507616983422, 17.055021882999085 ], [ -61.880507616983422, 17.055267576052493 ], [ -61.880196691949088, 17.055267576052493 ] ] ] } },
{ "type": "Feature", "properties": { "PLOTID": "468", "ExtraInfo": "Antigua and Barbuda" }, "geometry": { "type": "Polygon", "coordinates": [ [ [ -61.78785195675119, 17.674691286774518 ], [ -61.78785195675119, 17.674444782038528 ], [ -61.788162881785524, 17.674444782038528 ], [ -61.788162881785524, 17.674691286774518 ], [ -61.78785195675119, 17.674691286774518 ] ] ] } },
{ "type": "Feature", "properties": { "PLOTID": "469", "ExtraInfo": "Antigua and Barbuda" }, "geometry": { "type": "Polygon", "coordinates": [ [ [ -61.875221891399711, 17.0275062549109 ], [ -61.875221891399711, 17.027260597450613 ], [ -61.875532816434045, 17.027260597450613 ], [ -61.875532816434045, 17.0275062549109 ], [ -61.875221891399711, 17.0275062549109 ] ] ] } },
{ "type": "Feature", "properties": { "PLOTID": "470", "ExtraInfo": "Antigua and Barbuda" }, "geometry": { "type": "Polygon", "coordinates": [ [ [ -61.774793105309065, 17.640430288276786 ], [ -61.774793105309065, 17.640183829316246 ], [ -61.7751040303434, 17.640183829316246 ], [ -61.7751040303434, 17.640430288276786 ], [ -61.774793105309065, 17.640430288276786 ] ] ] } },
{ "type": "Feature", "properties": { "PLOTID": "471", "ExtraInfo": "Antigua and Barbuda" }, "geometry": { "type": "Polygon", "coordinates": [ [ [ -61.867759690575632, 17.676170322114942 ], [ -61.867759690575632, 17.675923815400509 ], [ -61.86807061560998, 17.675923815400509 ], [ -61.86807061560998, 17.676170322114942 ], [ -61.867759690575632, 17.676170322114942 ] ] ] } },
{ "type": "Feature", "properties": { "PLOTID": "472", "ExtraInfo": "Antigua and Barbuda" }, "geometry": { "type": "Polygon", "coordinates": [ [ [ -61.859053789614229, 17.100234719084273 ], [ -61.859053789614229, 17.099988968235785 ], [ -61.859364714648564, 17.099988968235785 ], [ -61.859364714648564, 17.100234719084273 ], [ -61.859053789614229, 17.100234719084273 ] ] ] } },
{ "type": "Feature", "properties": { "PLOTID": "473", "ExtraInfo": "Antigua and Barbuda" }, "geometry": { "type": "Polygon", "coordinates": [ [ [ -61.692397971209921, 17.044211700715547 ], [ -61.692397971209921, 17.04396602184503 ], [ -61.692708896244255, 17.04396602184503 ], [ -61.692708896244255, 17.044211700715547 ], [ -61.692397971209921, 17.044211700715547 ] ] ] } },
{ "type": "Feature", "properties": { "PLOTID": "474", "ExtraInfo": "Antigua and Barbuda" }, "geometry": { "type": "Polygon", "coordinates": [ [ [ -61.860919339820235, 17.102446490956645 ], [ -61.860919339820235, 17.10220073726089 ], [ -61.861230264854569, 17.10220073726089 ], [ -61.861230264854569, 17.102446490956645 ], [ -61.860919339820235, 17.102446490956645 ] ] ] } },
{ "type": "Feature", "properties": { "PLOTID": "475", "ExtraInfo": "Antigua and Barbuda" }, "geometry": { "type": "Polygon", "coordinates": [ [ [ -61.824852035837218, 17.618496728156764 ], [ -61.824852035837218, 17.618250298446846 ], [ -61.825162960871552, 17.618250298446846 ], [ -61.825162960871552, 17.618496728156764 ], [ -61.824852035837218, 17.618496728156764 ] ] ] } },
{ "type": "Feature", "properties": { "PLOTID": "476", "ExtraInfo": "Antigua and Barbuda" }, "geometry": { "type": "Polygon", "coordinates": [ [ [ -61.754582978077195, 17.044948739217425 ], [ -61.754582978077195, 17.044703059401741 ], [ -61.75489390311153, 17.044703059401741 ], [ -61.75489390311153, 17.044948739217425 ], [ -61.754582978077195, 17.044948739217425 ] ] ] } },
{ "type": "Feature", "properties": { "PLOTID": "477", "ExtraInfo": "Antigua and Barbuda" }, "geometry": { "type": "Polygon", "coordinates": [ [ [ -61.71322994851046, 17.093845299817851 ], [ -61.71322994851046, 17.093599557192238 ], [ -61.713540873544794, 17.093599557192238 ], [ -61.713540873544794, 17.093845299817851 ], [ -61.71322994851046, 17.093845299817851 ] ] ] } },
{ "type": "Feature", "properties": { "PLOTID": "478", "ExtraInfo": "Antigua and Barbuda" }, "geometry": { "type": "Polygon", "coordinates": [ [ [ -61.849415113549796, 17.062147109582668 ], [ -61.849415113549796, 17.061901407698564 ], [ -61.84972603858413, 17.061901407698564 ], [ -61.84972603858413, 17.062147109582668 ], [ -61.849415113549796, 17.062147109582668 ] ] ] } },
{ "type": "Feature", "properties": { "PLOTID": "479", "ExtraInfo": "Antigua and Barbuda" }, "geometry": { "type": "Polygon", "coordinates": [ [ [ -61.710120698167088, 17.107361631321531 ], [ -61.710120698167088, 17.107115871296866 ], [ -61.710431623201437, 17.107115871296866 ], [ -61.710431623201437, 17.107361631321531 ], [ -61.710120698167088, 17.107361631321531 ] ] ] } },
{ "type": "Feature", "properties": { "PLOTID": "480", "ExtraInfo": "Antigua and Barbuda" }, "geometry": { "type": "Polygon", "coordinates": [ [ [ -61.700482022102669, 17.067061213519548 ], [ -61.700482022102669, 17.066815505325106 ], [ -61.700792947137003, 17.066815505325106 ], [ -61.700792947137003, 17.067061213519548 ], [ -61.700482022102669, 17.067061213519548 ] ] ] } },
{ "type": "Feature", "properties": { "PLOTID": "481", "ExtraInfo": "Antigua and Barbuda" }, "geometry": { "type": "Polygon", "coordinates": [ [ [ -61.824541110802883, 17.634761815389375 ], [ -61.824541110802883, 17.634515363992385 ], [ -61.824852035837218, 17.634515363992385 ], [ -61.824852035837218, 17.634761815389375 ], [ -61.824541110802883, 17.634761815389375 ] ] ] } },
{ "type": "Feature", "properties": { "PLOTID": "482", "ExtraInfo": "Antigua and Barbuda" }, "geometry": { "type": "Polygon", "coordinates": [ [ [ -61.852524363893167, 17.648317148715027 ], [ -61.852524363893167, 17.648070679226194 ], [ -61.852835288927501, 17.648070679226194 ], [ -61.852835288927501, 17.648317148715027 ], [ -61.852524363893167, 17.648317148715027 ] ] ] } },
{ "type": "Feature", "properties": { "PLOTID": "483", "ExtraInfo": "Antigua and Barbuda" }, "geometry": { "type": "Polygon", "coordinates": [ [ [ -61.768263679587989, 17.606914886694661 ], [ -61.768263679587989, 17.606668472413176 ], [ -61.768574604622337, 17.606668472413176 ], [ -61.768574604622337, 17.606914886694661 ], [ -61.768263679587989, 17.606914886694661 ] ] ] } },
{ "type": "Feature", "properties": { "PLOTID": "484", "ExtraInfo": "Antigua and Barbuda" }, "geometry": { "type": "Polygon", "coordinates": [ [ [ -61.809616709154731, 17.588681115756678 ], [ -61.809616709154731, 17.588434725740854 ], [ -61.80992763418908, 17.588434725740854 ], [ -61.80992763418908, 17.588681115756678 ], [ -61.809616709154731, 17.588681115756678 ] ] ] } },
{ "type": "Feature", "properties": { "PLOTID": "485", "ExtraInfo": "Antigua and Barbuda" }, "geometry": { "type": "Polygon", "coordinates": [ [ [ -61.839465512451028, 17.020136667956997 ], [ -61.839465512451028, 17.019891019934093 ], [ -61.839776437485376, 17.019891019934093 ], [ -61.839776437485376, 17.020136667956997 ], [ -61.839465512451028, 17.020136667956997 ] ] ] } },
{ "type": "Feature", "properties": { "PLOTID": "486", "ExtraInfo": "Antigua and Barbuda" }, "geometry": { "type": "Polygon", "coordinates": [ [ [ -61.843818462931736, 17.607407716242033 ], [ -61.843818462931736, 17.607161301304281 ], [ -61.844129387966071, 17.607161301304281 ], [ -61.844129387966071, 17.607407716242033 ], [ -61.843818462931736, 17.607407716242033 ] ] ] } },
{ "type": "Feature", "properties": { "PLOTID": "487", "ExtraInfo": "Antigua and Barbuda" }, "geometry": { "type": "Polygon", "coordinates": [ [ [ -61.81583520984146, 17.676416829159141 ], [ -61.81583520984146, 17.676170322114942 ], [ -61.816146134875794, 17.676170322114942 ], [ -61.816146134875794, 17.676416829159141 ], [ -61.81583520984146, 17.676416829159141 ] ] ] } },
{ "type": "Feature", "properties": { "PLOTID": "488", "ExtraInfo": "Antigua and Barbuda" }, "geometry": { "type": "Polygon", "coordinates": [ [ [ -61.869003390712983, 17.09605699767776 ], [ -61.869003390712983, 17.095811252206197 ], [ -61.869314315747317, 17.095811252206197 ], [ -61.869314315747317, 17.09605699767776 ], [ -61.869003390712983, 17.09605699767776 ] ] ] } },
{ "type": "Feature", "properties": { "PLOTID": "489", "ExtraInfo": "Antigua and Barbuda" }, "geometry": { "type": "Polygon", "coordinates": [ [ [ -61.802465433365001, 17.053547731299712 ], [ -61.802465433365001, 17.053302040453278 ], [ -61.802776358399335, 17.053302040453278 ], [ -61.802776358399335, 17.053547731299712 ], [ -61.802465433365001, 17.053547731299712 ] ] ] } },
{ "type": "Feature", "properties": { "PLOTID": "490", "ExtraInfo": "Antigua and Barbuda" }, "geometry": { "type": "Polygon", "coordinates": [ [ [ -61.774171255240383, 17.595580169268455 ], [ -61.774171255240383, 17.595333770074753 ], [ -61.774482180274717, 17.595333770074753 ], [ -61.774482180274717, 17.595580169268455 ], [ -61.774171255240383, 17.595580169268455 ] ] ] } },
{ "type": "Feature", "properties": { "PLOTID": "491", "ExtraInfo": "Antigua and Barbuda" }, "geometry": { "type": "Polygon", "coordinates": [ [ [ -61.825784810940227, 17.028980206280853 ], [ -61.825784810940227, 17.028734546932469 ], [ -61.826095735974562, 17.028734546932469 ], [ -61.826095735974562, 17.028980206280853 ], [ -61.825784810940227, 17.028980206280853 ] ] ] } },
{ "type": "Feature", "properties": { "PLOTID": "492", "ExtraInfo": "Antigua and Barbuda" }, "geometry": { "type": "Polygon", "coordinates": [ [ [ -61.768574604622337, 17.014732484092139 ], [ -61.768574604622337, 17.014486842986759 ], [ -61.768885529656671, 17.014486842986759 ], [ -61.768885529656671, 17.014732484092139 ], [ -61.768574604622337, 17.014732484092139 ] ] ] } },
{ "type": "Feature", "properties": { "PLOTID": "493", "ExtraInfo": "Antigua and Barbuda" }, "geometry": { "type": "Polygon", "coordinates": [ [ [ -61.853768064030504, 17.082295738121317 ], [ -61.853768064030504, 17.082050010350414 ], [ -61.854078989064838, 17.082050010350414 ], [ -61.854078989064838, 17.082295738121317 ], [ -61.853768064030504, 17.082295738121317 ] ] ] } },
{ "type": "Feature", "properties": { "PLOTID": "494", "ExtraInfo": "Antigua and Barbuda" }, "geometry": { "type": "Polygon", "coordinates": [ [ [ -61.791893982197564, 17.113259966878029 ], [ -61.791893982197564, 17.113014199255677 ], [ -61.792204907231898, 17.113014199255677 ], [ -61.792204907231898, 17.113259966878029 ], [ -61.791893982197564, 17.113259966878029 ] ] ] } },
{ "type": "Feature", "properties": { "PLOTID": "495", "ExtraInfo": "Antigua and Barbuda" }, "geometry": { "type": "Polygon", "coordinates": [ [ [ -61.871490790987686, 17.706000070244304 ], [ -61.871490790987686, 17.70575352358658 ], [ -61.87180171602202, 17.70575352358658 ], [ -61.87180171602202, 17.706000070244304 ], [ -61.871490790987686, 17.706000070244304 ] ] ] } },
{ "type": "Feature", "properties": { "PLOTID": "496", "ExtraInfo": "Antigua and Barbuda" }, "geometry": { "type": "Polygon", "coordinates": [ [ [ -61.702347572308689, 17.067798339996372 ], [ -61.702347572308689, 17.067552630855179 ], [ -61.702658497343023, 17.067552630855179 ], [ -61.702658497343023, 17.067798339996372 ], [ -61.702347572308689, 17.067798339996372 ] ] ] } },
{ "type": "Feature", "properties": { "PLOTID": "497", "ExtraInfo": "Antigua and Barbuda" }, "geometry": { "type": "Polygon", "coordinates": [ [ [ -61.749608177527818, 17.156765829317866 ], [ -61.749608177527818, 17.156520005561749 ], [ -61.749919102562153, 17.156520005561749 ], [ -61.749919102562153, 17.156765829317866 ], [ -61.749608177527818, 17.156765829317866 ] ] ] } },
{ "type": "Feature", "properties": { "PLOTID": "498", "ExtraInfo": "Antigua and Barbuda" }, "geometry": { "type": "Polygon", "coordinates": [ [ [ -61.739969501463385, 17.097039982726489 ], [ -61.739969501463385, 17.096794235989915 ], [ -61.740280426497726, 17.096794235989915 ], [ -61.740280426497726, 17.097039982726489 ], [ -61.739969501463385, 17.097039982726489 ] ] ] } },
{ "type": "Feature", "properties": { "PLOTID": "499", "ExtraInfo": "Antigua and Barbuda" }, "geometry": { "type": "Polygon", "coordinates": [ [ [ -61.692397971209921, 17.065341262785211 ], [ -61.692397971209921, 17.065095556799644 ], [ -61.692708896244255, 17.065095556799644 ], [ -61.692708896244255, 17.065341262785211 ], [ -61.692397971209921, 17.065341262785211 ] ] ] } },
{ "type": "Feature", "properties": { "PLOTID": "500", "ExtraInfo": "Antigua and Barbuda" }, "geometry": { "type": "Polygon", "coordinates": [ [ [ -61.792204907231898, 17.113259966878029 ], [ -61.792204907231898, 17.113014199255677 ], [ -61.792515832266233, 17.113014199255677 ], [ -61.792515832266233, 17.113259966878029 ], [ -61.792204907231898, 17.113259966878029 ] ] ] } },
{ "type": "Feature", "properties": { "PLOTID": "501", "ExtraInfo": "Antigua and Barbuda" }, "geometry": { "type": "Polygon", "coordinates": [ [ [ -61.798423407918627, 17.657683233210697 ], [ -61.798423407918627, 17.65743675121179 ], [ -61.798734332952961, 17.65743675121179 ], [ -61.798734332952961, 17.657683233210697 ], [ -61.798423407918627, 17.657683233210697 ] ] ] } },
{ "type": "Feature", "properties": { "PLOTID": "502", "ExtraInfo": "Antigua and Barbuda" }, "geometry": { "type": "Polygon", "coordinates": [ [ [ -61.778524205721105, 17.008837184317198 ], [ -61.778524205721105, 17.008591550755096 ], [ -61.778835130755439, 17.008591550755096 ], [ -61.778835130755439, 17.008837184317198 ], [ -61.778524205721105, 17.008837184317198 ] ] ] } },
{ "type": "Feature", "properties": { "PLOTID": "503", "ExtraInfo": "Antigua and Barbuda" }, "geometry": { "type": "Polygon", "coordinates": [ [ [ -61.873667266228026, 17.066078382635162 ], [ -61.873667266228026, 17.065832675702968 ], [ -61.87397819126236, 17.065832675702968 ], [ -61.87397819126236, 17.066078382635162 ], [ -61.873667266228026, 17.066078382635162 ] ] ] } },
{ "type": "Feature", "properties": { "PLOTID": "504", "ExtraInfo": "Antigua and Barbuda" }, "geometry": { "type": "Polygon", "coordinates": [ [ [ -61.827028511077572, 17.058215917288869 ], [ -61.827028511077572, 17.057970220451423 ], [ -61.827339436111913, 17.057970220451423 ], [ -61.827339436111913, 17.058215917288869 ], [ -61.827028511077572, 17.058215917288869 ] ] ] } },
{ "type": "Feature", "properties": { "PLOTID": "505", "ExtraInfo": "Antigua and Barbuda" }, "geometry": { "type": "Polygon", "coordinates": [ [ [ -61.813036884532437, 17.161682371153066 ], [ -61.813036884532437, 17.161436541042978 ], [ -61.813347809566771, 17.161436541042978 ], [ -61.813347809566771, 17.161682371153066 ], [ -61.813036884532437, 17.161682371153066 ] ] ] } },
{ "type": "Feature", "properties": { "PLOTID": "506", "ExtraInfo": "Antigua and Barbuda" }, "geometry": { "type": "Polygon", "coordinates": [ [ [ -61.71136439830444, 17.036841471621877 ], [ -61.71136439830444, 17.036595802200271 ], [ -61.711675323338774, 17.036595802200271 ], [ -61.711675323338774, 17.036841471621877 ], [ -61.71136439830444, 17.036841471621877 ] ] ] } },
{ "type": "Feature", "properties": { "PLOTID": "507", "ExtraInfo": "Antigua and Barbuda" }, "geometry": { "type": "Polygon", "coordinates": [ [ [ -61.740280426497726, 17.009082818193537 ], [ -61.740280426497726, 17.008837184317198 ], [ -61.740591351532061, 17.008837184317198 ], [ -61.740591351532061, 17.009082818193537 ], [ -61.740280426497726, 17.009082818193537 ] ] ] } },
{ "type": "Feature", "properties": { "PLOTID": "508", "ExtraInfo": "Antigua and Barbuda" }, "geometry": { "type": "Polygon", "coordinates": [ [ [ -61.785675481510836, 17.089176243993837 ], [ -61.785675481510836, 17.08893050737483 ], [ -61.78598640654517, 17.08893050737483 ], [ -61.78598640654517, 17.089176243993837 ], [ -61.785675481510836, 17.089176243993837 ] ] ] } },
{ "type": "Feature", "properties": { "PLOTID": "509", "ExtraInfo": "Antigua and Barbuda" }, "geometry": { "type": "Polygon", "coordinates": [ [ [ -61.783499006270482, 17.68750998754512 ], [ -61.783499006270482, 17.687263465655654 ], [ -61.783809931304816, 17.687263465655654 ], [ -61.783809931304816, 17.68750998754512 ], [ -61.783499006270482, 17.68750998754512 ] ] ] } },
{ "type": "Feature", "properties": { "PLOTID": "510", "ExtraInfo": "Antigua and Barbuda" }, "geometry": { "type": "Polygon", "coordinates": [ [ [ -61.845684013137756, 17.161436541042978 ], [ -61.845684013137756, 17.16119071125064 ], [ -61.84599493817209, 17.16119071125064 ], [ -61.84599493817209, 17.161436541042978 ], [ -61.845684013137756, 17.161436541042978 ] ] ] } },
{ "type": "Feature", "properties": { "PLOTID": "511", "ExtraInfo": "Antigua and Barbuda" }, "geometry": { "type": "Polygon", "coordinates": [ [ [ -61.795625082609604, 17.59582656879002 ], [ -61.795625082609604, 17.595580169268455 ], [ -61.795936007643938, 17.595580169268455 ], [ -61.795936007643938, 17.59582656879002 ], [ -61.795625082609604, 17.59582656879002 ] ] ] } },
{ "type": "Feature", "properties": { "PLOTID": "512", "ExtraInfo": "Antigua and Barbuda" }, "geometry": { "type": "Polygon", "coordinates": [ [ [ -61.863406740094938, 17.112768431949963 ], [ -61.863406740094938, 17.112522664960878 ], [ -61.863717665129272, 17.112522664960878 ], [ -61.863717665129272, 17.112768431949963 ], [ -61.863406740094938, 17.112768431949963 ] ] ] } },
{ "type": "Feature", "properties": { "PLOTID": "513", "ExtraInfo": "Antigua and Barbuda" }, "geometry": { "type": "Polygon", "coordinates": [ [ [ -61.874289116296708, 17.032173806449613 ], [ -61.874289116296708, 17.031928143009679 ], [ -61.874600041331043, 17.031928143009679 ], [ -61.874600041331043, 17.032173806449613 ], [ -61.874289116296708, 17.032173806449613 ] ] ] } },
{ "type": "Feature", "properties": { "PLOTID": "514", "ExtraInfo": "Antigua and Barbuda" }, "geometry": { "type": "Polygon", "coordinates": [ [ [ -61.750851877665156, 17.116946519213339 ], [ -61.750851877665156, 17.116700746840781 ], [ -61.751162802699504, 17.116700746840781 ], [ -61.751162802699504, 17.116946519213339 ], [ -61.750851877665156, 17.116946519213339 ] ] ] } },
{ "type": "Feature", "properties": { "PLOTID": "515", "ExtraInfo": "Antigua and Barbuda" }, "geometry": { "type": "Polygon", "coordinates": [ [ [ -61.784742706407833, 17.618003869065326 ], [ -61.784742706407833, 17.617757440012195 ], [ -61.785053631442167, 17.617757440012195 ], [ -61.785053631442167, 17.618003869065326 ], [ -61.784742706407833, 17.618003869065326 ] ] ] } },
{ "type": "Feature", "properties": { "PLOTID": "516", "ExtraInfo": "Antigua and Barbuda" }, "geometry": { "type": "Polygon", "coordinates": [ [ [ -61.782255306133131, 17.061655706129923 ], [ -61.782255306133131, 17.061410004876734 ], [ -61.782566231167465, 17.061410004876734 ], [ -61.782566231167465, 17.061655706129923 ], [ -61.782255306133131, 17.061655706129923 ] ] ] } },
{ "type": "Feature", "properties": { "PLOTID": "517", "ExtraInfo": "Antigua and Barbuda" }, "geometry": { "type": "Polygon", "coordinates": [ [ [ -61.832003311626963, 17.605189993614708 ], [ -61.832003311626963, 17.604943581629978 ], [ -61.832314236661297, 17.604943581629978 ], [ -61.832314236661297, 17.605189993614708 ], [ -61.832003311626963, 17.605189993614708 ] ] ] } },
{ "type": "Feature", "properties": { "PLOTID": "518", "ExtraInfo": "Antigua and Barbuda" }, "geometry": { "type": "Polygon", "coordinates": [ [ [ -61.756759453317549, 17.085735960088922 ], [ -61.756759453317549, 17.085490227894521 ], [ -61.757070378351884, 17.085490227894521 ], [ -61.757070378351884, 17.085735960088922 ], [ -61.756759453317549, 17.085735960088922 ] ] ] } },
{ "type": "Feature", "properties": { "PLOTID": "519", "ExtraInfo": "Antigua and Barbuda" }, "geometry": { "type": "Polygon", "coordinates": [ [ [ -61.834801636935985, 17.170532466787421 ], [ -61.834801636935985, 17.170286625234453 ], [ -61.83511256197032, 17.170286625234453 ], [ -61.83511256197032, 17.170532466787421 ], [ -61.834801636935985, 17.170532466787421 ] ] ] } },
{ "type": "Feature", "properties": { "PLOTID": "520", "ExtraInfo": "Antigua and Barbuda" }, "geometry": { "type": "Polygon", "coordinates": [ [ [ -61.838221812313691, 17.115226119256366 ], [ -61.838221812313691, 17.114980349100726 ], [ -61.838532737348025, 17.114980349100726 ], [ -61.838532737348025, 17.115226119256366 ], [ -61.838221812313691, 17.115226119256366 ] ] ] } },
{ "type": "Feature", "properties": { "PLOTID": "521", "ExtraInfo": "Antigua and Barbuda" }, "geometry": { "type": "Polygon", "coordinates": [ [ [ -61.775725880412068, 17.027260597450613 ], [ -61.775725880412068, 17.02701494030498 ], [ -61.776036805446402, 17.02701494030498 ], [ -61.776036805446402, 17.027260597450613 ], [ -61.775725880412068, 17.027260597450613 ] ] ] } },
{ "type": "Feature", "properties": { "PLOTID": "522", "ExtraInfo": "Antigua and Barbuda" }, "geometry": { "type": "Polygon", "coordinates": [ [ [ -61.760801478763923, 17.587202780577048 ], [ -61.760801478763923, 17.586956392527313 ], [ -61.761112403798258, 17.586956392527313 ], [ -61.761112403798258, 17.587202780577048 ], [ -61.760801478763923, 17.587202780577048 ] ] ] } },
{ "type": "Feature", "properties": { "PLOTID": "523", "ExtraInfo": "Antigua and Barbuda" }, "geometry": { "type": "Polygon", "coordinates": [ [ [ -61.743700601875425, 17.129481330317681 ], [ -61.743700601875425, 17.129235541784873 ], [ -61.744011526909759, 17.129235541784873 ], [ -61.744011526909759, 17.129481330317681 ], [ -61.743700601875425, 17.129481330317681 ] ] ] } },
{ "type": "Feature", "properties": { "PLOTID": "524", "ExtraInfo": "Antigua and Barbuda" }, "geometry": { "type": "Polygon", "coordinates": [ [ [ -61.751162802699504, 17.579072147910129 ], [ -61.751162802699504, 17.578825770670207 ], [ -61.751473727733838, 17.578825770670207 ], [ -61.751473727733838, 17.579072147910129 ], [ -61.751162802699504, 17.579072147910129 ] ] ] } },
{ "type": "Feature", "properties": { "PLOTID": "525", "ExtraInfo": "Antigua and Barbuda" }, "geometry": { "type": "Polygon", "coordinates": [ [ [ -61.825473885905893, 17.605929231537452 ], [ -61.825473885905893, 17.605682818568436 ], [ -61.825784810940227, 17.605682818568436 ], [ -61.825784810940227, 17.605929231537452 ], [ -61.825473885905893, 17.605929231537452 ] ] ] } },
{ "type": "Feature", "properties": { "PLOTID": "526", "ExtraInfo": "Antigua and Barbuda" }, "geometry": { "type": "Polygon", "coordinates": [ [ [ -61.792826757300567, 17.048142605494611 ], [ -61.792826757300567, 17.047896921582595 ], [ -61.793137682334901, 17.047896921582595 ], [ -61.793137682334901, 17.048142605494611 ], [ -61.792826757300567, 17.048142605494611 ] ] ] } },
{ "type": "Feature", "properties": { "PLOTID": "527", "ExtraInfo": "Antigua and Barbuda" }, "geometry": { "type": "Polygon", "coordinates": [ [ [ -61.748675402424801, 17.652507180383047 ], [ -61.748675402424801, 17.652260705298641 ], [ -61.748986327459136, 17.652260705298641 ], [ -61.748986327459136, 17.652507180383047 ], [ -61.748675402424801, 17.652507180383047 ] ] ] } },
{ "type": "Feature", "properties": { "PLOTID": "528", "ExtraInfo": "Antigua and Barbuda" }, "geometry": { "type": "Polygon", "coordinates": [ [ [ -61.766087204347649, 17.553450667843148 ], [ -61.766087204347649, 17.553204324629309 ], [ -61.766398129381983, 17.553204324629309 ], [ -61.766398129381983, 17.553450667843148 ], [ -61.766087204347649, 17.553450667843148 ] ] ] } },
{ "type": "Feature", "properties": { "PLOTID": "529", "ExtraInfo": "Antigua and Barbuda" }, "geometry": { "type": "Polygon", "coordinates": [ [ [ -61.859675639682898, 17.047896921582595 ], [ -61.859675639682898, 17.047651237985725 ], [ -61.859986564717232, 17.047651237985725 ], [ -61.859986564717232, 17.047896921582595 ], [ -61.859675639682898, 17.047896921582595 ] ] ] } },
{ "type": "Feature", "properties": { "PLOTID": "530", "ExtraInfo": "Antigua and Barbuda" }, "geometry": { "type": "Polygon", "coordinates": [ [ [ -61.80992763418908, 17.119404260359779 ], [ -61.80992763418908, 17.11915848481971 ], [ -61.8102385592234, 17.11915848481971 ], [ -61.8102385592234, 17.119404260359779 ], [ -61.80992763418908, 17.119404260359779 ] ] ] } },
{ "type": "Feature", "properties": { "PLOTID": "531", "ExtraInfo": "Antigua and Barbuda" }, "geometry": { "type": "Polygon", "coordinates": [ [ [ -61.756759453317549, 17.084507302276862 ], [ -61.756759453317549, 17.08426157166241 ], [ -61.757070378351884, 17.08426157166241 ], [ -61.757070378351884, 17.084507302276862 ], [ -61.756759453317549, 17.084507302276862 ] ] ] } },
{ "type": "Feature", "properties": { "PLOTID": "532", "ExtraInfo": "Antigua and Barbuda" }, "geometry": { "type": "Polygon", "coordinates": [ [ [ -61.744633376978427, 17.599522600961244 ], [ -61.744633376978427, 17.599276196521007 ], [ -61.744944302012769, 17.599276196521007 ], [ -61.744944302012769, 17.599522600961244 ], [ -61.744633376978427, 17.599522600961244 ] ] ] } },
{ "type": "Feature", "properties": { "PLOTID": "533", "ExtraInfo": "Antigua and Barbuda" }, "geometry": { "type": "Polygon", "coordinates": [ [ [ -61.869936165816, 17.020873613912713 ], [ -61.869936165816, 17.0206279649463 ], [ -61.870247090850334, 17.0206279649463 ], [ -61.870247090850334, 17.020873613912713 ], [ -61.869936165816, 17.020873613912713 ] ] ] } },
{ "type": "Feature", "properties": { "PLOTID": "534", "ExtraInfo": "Antigua and Barbuda" }, "geometry": { "type": "Polygon", "coordinates": [ [ [ -61.683692070248505, 17.064358440736104 ], [ -61.683692070248505, 17.064112736012628 ], [ -61.684002995282839, 17.064112736012628 ], [ -61.684002995282839, 17.064358440736104 ], [ -61.683692070248505, 17.064358440736104 ] ] ] } },
{ "type": "Feature", "properties": { "PLOTID": "535", "ExtraInfo": "Antigua and Barbuda" }, "geometry": { "type": "Polygon", "coordinates": [ [ [ -61.77137292993136, 17.616771727083481 ], [ -61.77137292993136, 17.616525299672222 ], [ -61.771683854965694, 17.616525299672222 ], [ -61.771683854965694, 17.616771727083481 ], [ -61.77137292993136, 17.616771727083481 ] ] ] } },
{ "type": "Feature", "properties": { "PLOTID": "536", "ExtraInfo": "Antigua and Barbuda" }, "geometry": { "type": "Polygon", "coordinates": [ [ [ -61.735616550982684, 17.606914886694661 ], [ -61.735616550982684, 17.606668472413176 ], [ -61.735927476017011, 17.606668472413176 ], [ -61.735927476017011, 17.606914886694661 ], [ -61.735616550982684, 17.606914886694661 ] ] ] } },
{ "type": "Feature", "properties": { "PLOTID": "537", "ExtraInfo": "Antigua and Barbuda" }, "geometry": { "type": "Polygon", "coordinates": [ [ [ -61.800288958124646, 17.586710004805251 ], [ -61.800288958124646, 17.586463617410832 ], [ -61.800599883158981, 17.586463617410832 ], [ -61.800599883158981, 17.586710004805251 ], [ -61.800288958124646, 17.586710004805251 ] ] ] } },
{ "type": "Feature", "properties": { "PLOTID": "538", "ExtraInfo": "Antigua and Barbuda" }, "geometry": { "type": "Polygon", "coordinates": [ [ [ -61.764843504210297, 17.625643332623511 ], [ -61.764843504210297, 17.625396893387535 ], [ -61.765154429244632, 17.625396893387535 ], [ -61.765154429244632, 17.625643332623511 ], [ -61.764843504210297, 17.625643332623511 ] ] ] } },
{ "type": "Feature", "properties": { "PLOTID": "539", "ExtraInfo": "Antigua and Barbuda" }, "geometry": { "type": "Polygon", "coordinates": [ [ [ -61.778213280686771, 17.641662588013361 ], [ -61.778213280686771, 17.641416127408174 ], [ -61.778524205721105, 17.641416127408174 ], [ -61.778524205721105, 17.641662588013361 ], [ -61.778213280686771, 17.641662588013361 ] ] ] } },
{ "type": "Feature", "properties": { "PLOTID": "540", "ExtraInfo": "Antigua and Barbuda" }, "geometry": { "type": "Polygon", "coordinates": [ [ [ -61.785675481510836, 17.145704074675056 ], [ -61.785675481510836, 17.14545826520709 ], [ -61.78598640654517, 17.14545826520709 ], [ -61.78598640654517, 17.145704074675056 ], [ -61.785675481510836, 17.145704074675056 ] ] ] } },
{ "type": "Feature", "properties": { "PLOTID": "541", "ExtraInfo": "Antigua and Barbuda" }, "geometry": { "type": "Polygon", "coordinates": [ [ [ -61.772616630068711, 17.576362016280953 ], [ -61.772616630068711, 17.576115642642897 ], [ -61.772927555103045, 17.576115642642897 ], [ -61.772927555103045, 17.576362016280953 ], [ -61.772616630068711, 17.576362016280953 ] ] ] } },
{ "type": "Feature", "properties": { "PLOTID": "542", "ExtraInfo": "Antigua and Barbuda" }, "geometry": { "type": "Polygon", "coordinates": [ [ [ -61.793759532403584, 17.603957936971867 ], [ -61.793759532403584, 17.603711526627507 ], [ -61.794070457437918, 17.603711526627507 ], [ -61.794070457437918, 17.603957936971867 ], [ -61.793759532403584, 17.603957936971867 ] ] ] } },
{ "type": "Feature", "properties": { "PLOTID": "543", "ExtraInfo": "Antigua and Barbuda" }, "geometry": { "type": "Polygon", "coordinates": [ [ [ -61.814902434738457, 17.622686083475873 ], [ -61.814902434738457, 17.622439648182297 ], [ -61.815213359772791, 17.622439648182297 ], [ -61.815213359772791, 17.622686083475873 ], [ -61.814902434738457, 17.622686083475873 ] ] ] } },
{ "type": "Feature", "properties": { "PLOTID": "544", "ExtraInfo": "Antigua and Barbuda" }, "geometry": { "type": "Polygon", "coordinates": [ [ [ -61.808683934051729, 17.009082818193537 ], [ -61.808683934051729, 17.008837184317198 ], [ -61.808994859086063, 17.008837184317198 ], [ -61.808994859086063, 17.009082818193537 ], [ -61.808683934051729, 17.009082818193537 ] ] ] } },
{ "type": "Feature", "properties": { "PLOTID": "545", "ExtraInfo": "Antigua and Barbuda" }, "geometry": { "type": "Polygon", "coordinates": [ [ [ -61.728154350158604, 17.088439035085035 ], [ -61.728154350158604, 17.088193299414254 ], [ -61.728465275192939, 17.088193299414254 ], [ -61.728465275192939, 17.088439035085035 ], [ -61.728154350158604, 17.088439035085035 ] ] ] } },
{ "type": "Feature", "properties": { "PLOTID": "546", "ExtraInfo": "Antigua and Barbuda" }, "geometry": { "type": "Polygon", "coordinates": [ [ [ -61.792826757300567, 17.082541466208149 ], [ -61.792826757300567, 17.082295738121317 ], [ -61.793137682334901, 17.082295738121317 ], [ -61.793137682334901, 17.082541466208149 ], [ -61.792826757300567, 17.082541466208149 ] ] ] } },
{ "type": "Feature", "properties": { "PLOTID": "547", "ExtraInfo": "Antigua and Barbuda" }, "geometry": { "type": "Polygon", "coordinates": [ [ [ -61.806196533777026, 17.059198707792458 ], [ -61.806196533777026, 17.058953009693482 ], [ -61.806507458811375, 17.058953009693482 ], [ -61.806507458811375, 17.059198707792458 ], [ -61.806196533777026, 17.059198707792458 ] ] ] } },
{ "type": "Feature", "properties": { "PLOTID": "548", "ExtraInfo": "Antigua and Barbuda" }, "geometry": { "type": "Polygon", "coordinates": [ [ [ -61.796246932678272, 17.0901591936308 ], [ -61.796246932678272, 17.089913455747414 ], [ -61.796557857712607, 17.089913455747414 ], [ -61.796557857712607, 17.0901591936308 ], [ -61.796246932678272, 17.0901591936308 ] ] ] } },
{ "type": "Feature", "properties": { "PLOTID": "549", "ExtraInfo": "Antigua and Barbuda" }, "geometry": { "type": "Polygon", "coordinates": [ [ [ -61.869936165816, 17.076889800130683 ], [ -61.869936165816, 17.076644079308753 ], [ -61.870247090850334, 17.076644079308753 ], [ -61.870247090850334, 17.076889800130683 ], [ -61.869936165816, 17.076889800130683 ] ] ] } },
{ "type": "Feature", "properties": { "PLOTID": "550", "ExtraInfo": "Antigua and Barbuda" }, "geometry": { "type": "Polygon", "coordinates": [ [ [ -61.818633535150489, 17.6811005256613 ], [ -61.818633535150489, 17.680854012350537 ], [ -61.818944460184824, 17.680854012350537 ], [ -61.818944460184824, 17.6811005256613 ], [ -61.818633535150489, 17.6811005256613 ] ] ] } },
{ "type": "Feature", "properties": { "PLOTID": "551", "ExtraInfo": "Antigua and Barbuda" }, "geometry": { "type": "Polygon", "coordinates": [ [ [ -61.824541110802883, 17.105641317795165 ], [ -61.824541110802883, 17.105395559985876 ], [ -61.824852035837218, 17.105395559985876 ], [ -61.824852035837218, 17.105641317795165 ], [ -61.824541110802883, 17.105641317795165 ] ] ] } },
{ "type": "Feature", "properties": { "PLOTID": "552", "ExtraInfo": "Antigua and Barbuda" }, "geometry": { "type": "Polygon", "coordinates": [ [ [ -61.828583136249257, 17.623918264871353 ], [ -61.828583136249257, 17.623671827935222 ], [ -61.828894061283592, 17.623671827935222 ], [ -61.828894061283592, 17.623918264871353 ], [ -61.828583136249257, 17.623918264871353 ] ] ] } },
{ "type": "Feature", "properties": { "PLOTID": "553", "ExtraInfo": "Antigua and Barbuda" }, "geometry": { "type": "Polygon", "coordinates": [ [ [ -61.76950737972534, 17.039543856043018 ], [ -61.76950737972534, 17.039298183157399 ], [ -61.769818304759674, 17.039298183157399 ], [ -61.769818304759674, 17.039543856043018 ], [ -61.76950737972534, 17.039543856043018 ] ] ] } },
{ "type": "Feature", "properties": { "PLOTID": "554", "ExtraInfo": "Antigua and Barbuda" }, "geometry": { "type": "Polygon", "coordinates": [ [ [ -61.854389914099173, 17.132185025102817 ], [ -61.854389914099173, 17.131939233082534 ], [ -61.854700839133507, 17.131939233082534 ], [ -61.854700839133507, 17.132185025102817 ], [ -61.854389914099173, 17.132185025102817 ] ] ] } },
{ "type": "Feature", "properties": { "PLOTID": "555", "ExtraInfo": "Antigua and Barbuda" }, "geometry": { "type": "Polygon", "coordinates": [ [ [ -61.875221891399711, 17.705506977259315 ], [ -61.875221891399711, 17.705260431262509 ], [ -61.875532816434045, 17.705260431262509 ], [ -61.875532816434045, 17.705506977259315 ], [ -61.875221891399711, 17.705506977259315 ] ] ] } },
{ "type": "Feature", "properties": { "PLOTID": "556", "ExtraInfo": "Antigua and Barbuda" }, "geometry": { "type": "Polygon", "coordinates": [ [ [ -61.726288799952584, 17.060672903009827 ], [ -61.726288799952584, 17.060427203018392 ], [ -61.726599724986919, 17.060427203018392 ], [ -61.726599724986919, 17.060672903009827 ], [ -61.726288799952584, 17.060672903009827 ] ] ] } },
{ "type": "Feature", "properties": { "PLOTID": "557", "ExtraInfo": "Antigua and Barbuda" }, "geometry": { "type": "Polygon", "coordinates": [ [ [ -61.798423407918627, 17.097039982726489 ], [ -61.798423407918627, 17.096794235989915 ], [ -61.798734332952961, 17.096794235989915 ], [ -61.798734332952961, 17.097039982726489 ], [ -61.798423407918627, 17.097039982726489 ] ] ] } },
{ "type": "Feature", "properties": { "PLOTID": "558", "ExtraInfo": "Antigua and Barbuda" }, "geometry": { "type": "Polygon", "coordinates": [ [ [ -61.685557620454524, 17.103183753942282 ], [ -61.685557620454524, 17.102937999297332 ], [ -61.685868545488859, 17.102937999297332 ], [ -61.685868545488859, 17.103183753942282 ], [ -61.685557620454524, 17.103183753942282 ] ] ] } },
{ "type": "Feature", "properties": { "PLOTID": "559", "ExtraInfo": "Antigua and Barbuda" }, "geometry": { "type": "Polygon", "coordinates": [ [ [ -61.661616392810615, 17.064849851129608 ], [ -61.661616392810615, 17.064604145775096 ], [ -61.661927317844949, 17.064604145775096 ], [ -61.661927317844949, 17.064849851129608 ], [ -61.661616392810615, 17.064849851129608 ] ] ] } },
{ "type": "Feature", "properties": { "PLOTID": "560", "ExtraInfo": "Antigua and Barbuda" }, "geometry": { "type": "Polygon", "coordinates": [ [ [ -61.744011526909759, 17.038806838330974 ], [ -61.744011526909759, 17.038561166390149 ], [ -61.744322451944093, 17.038561166390149 ], [ -61.744322451944093, 17.038806838330974 ], [ -61.744011526909759, 17.038806838330974 ] ] ] } },
{ "type": "Feature", "properties": { "PLOTID": "561", "ExtraInfo": "Antigua and Barbuda" }, "geometry": { "type": "Polygon", "coordinates": [ [ [ -61.767019979450652, 17.068781179717146 ], [ -61.767019979450652, 17.068535469313542 ], [ -61.767330904484986, 17.068535469313542 ], [ -61.767330904484986, 17.068781179717146 ], [ -61.767019979450652, 17.068781179717146 ] ] ] } },
{ "type": "Feature", "properties": { "PLOTID": "562", "ExtraInfo": "Antigua and Barbuda" }, "geometry": { "type": "Polygon", "coordinates": [ [ [ -61.853146213961836, 17.11965003621664 ], [ -61.853146213961836, 17.119404260359779 ], [ -61.85345713899617, 17.119404260359779 ], [ -61.85345713899617, 17.11965003621664 ], [ -61.853146213961836, 17.11965003621664 ] ] ] } },
{ "type": "Feature", "properties": { "PLOTID": "563", "ExtraInfo": "Antigua and Barbuda" }, "geometry": { "type": "Polygon", "coordinates": [ [ [ -61.793759532403584, 17.042000602222053 ], [ -61.793759532403584, 17.041754926186741 ], [ -61.794070457437918, 17.041754926186741 ], [ -61.794070457437918, 17.042000602222053 ], [ -61.793759532403584, 17.042000602222053 ] ] ] } },
{ "type": "Feature", "properties": { "PLOTID": "564", "ExtraInfo": "Antigua and Barbuda" }, "geometry": { "type": "Polygon", "coordinates": [ [ [ -61.834179786867317, 17.133905578123315 ], [ -61.834179786867317, 17.13365978388336 ], [ -61.834490711901651, 17.13365978388336 ], [ -61.834490711901651, 17.133905578123315 ], [ -61.834179786867317, 17.133905578123315 ] ] ] } },
{ "type": "Feature", "properties": { "PLOTID": "565", "ExtraInfo": "Antigua and Barbuda" }, "geometry": { "type": "Polygon", "coordinates": [ [ [ -61.801221733227649, 17.129235541784873 ], [ -61.801221733227649, 17.128989753569069 ], [ -61.801532658261983, 17.128989753569069 ], [ -61.801532658261983, 17.129235541784873 ], [ -61.801221733227649, 17.129235541784873 ] ] ] } },
{ "type": "Feature", "properties": { "PLOTID": "566", "ExtraInfo": "Antigua and Barbuda" }, "geometry": { "type": "Polygon", "coordinates": [ [ [ -61.811482259360751, 17.589666679097078 ], [ -61.811482259360751, 17.589420287770405 ], [ -61.811793184395086, 17.589420287770405 ], [ -61.811793184395086, 17.589666679097078 ], [ -61.811482259360751, 17.589666679097078 ] ] ] } },
{ "type": "Feature", "properties": { "PLOTID": "567", "ExtraInfo": "Antigua and Barbuda" }, "geometry": { "type": "Polygon", "coordinates": [ [ [ -61.790961207094561, 17.058707311909895 ], [ -61.790961207094561, 17.058461614441693 ], [ -61.791272132128896, 17.058461614441693 ], [ -61.791272132128896, 17.058707311909895 ], [ -61.790961207094561, 17.058707311909895 ] ] ] } },
{ "type": "Feature", "properties": { "PLOTID": "568", "ExtraInfo": "Antigua and Barbuda" }, "geometry": { "type": "Polygon", "coordinates": [ [ [ -61.868692465678649, 17.033402128370994 ], [ -61.868692465678649, 17.033156463357134 ], [ -61.869003390712983, 17.033156463357134 ], [ -61.869003390712983, 17.033402128370994 ], [ -61.868692465678649, 17.033402128370994 ] ] ] } },
{ "type": "Feature", "properties": { "PLOTID": "569", "ExtraInfo": "Antigua and Barbuda" }, "geometry": { "type": "Polygon", "coordinates": [ [ [ -61.726599724986919, 17.078118408977488 ], [ -61.726599724986919, 17.077872686576487 ], [ -61.726910650021253, 17.077872686576487 ], [ -61.726910650021253, 17.078118408977488 ], [ -61.726599724986919, 17.078118408977488 ] ] ] } },
{ "type": "Feature", "properties": { "PLOTID": "570", "ExtraInfo": "Antigua and Barbuda" }, "geometry": { "type": "Polygon", "coordinates": [ [ [ -61.756448528283215, 17.618003869065326 ], [ -61.756448528283215, 17.617757440012195 ], [ -61.756759453317549, 17.617757440012195 ], [ -61.756759453317549, 17.618003869065326 ], [ -61.756448528283215, 17.618003869065326 ] ] ] } },
{ "type": "Feature", "properties": { "PLOTID": "571", "ExtraInfo": "Antigua and Barbuda" }, "geometry": { "type": "Polygon", "coordinates": [ [ [ -61.831070536523946, 17.057970220451423 ], [ -61.831070536523946, 17.057724523929341 ], [ -61.83138146155828, 17.057724523929341 ], [ -61.83138146155828, 17.057970220451423 ], [ -61.831070536523946, 17.057970220451423 ] ] ] } },
{ "type": "Feature", "properties": { "PLOTID": "572", "ExtraInfo": "Antigua and Barbuda" }, "geometry": { "type": "Polygon", "coordinates": [ [ [ -61.8102385592234, 17.132185025102817 ], [ -61.8102385592234, 17.131939233082534 ], [ -61.810549484257734, 17.131939233082534 ], [ -61.810549484257734, 17.132185025102817 ], [ -61.8102385592234, 17.132185025102817 ] ] ] } },
{ "type": "Feature", "properties": { "PLOTID": "573", "ExtraInfo": "Antigua and Barbuda" }, "geometry": { "type": "Polygon", "coordinates": [ [ [ -61.847549563343776, 17.140787945612129 ], [ -61.847549563343776, 17.140542142490759 ], [ -61.84786048837811, 17.140542142490759 ], [ -61.84786048837811, 17.140787945612129 ], [ -61.847549563343776, 17.140787945612129 ] ] ] } },
{ "type": "Feature", "properties": { "PLOTID": "574", "ExtraInfo": "Antigua and Barbuda" }, "geometry": { "type": "Polygon", "coordinates": [ [ [ -61.828272211214923, 17.631804420323757 ], [ -61.828272211214923, 17.63155797287175 ], [ -61.828583136249257, 17.63155797287175 ], [ -61.828583136249257, 17.631804420323757 ], [ -61.828272211214923, 17.631804420323757 ] ] ] } },
{ "type": "Feature", "properties": { "PLOTID": "575", "ExtraInfo": "Antigua and Barbuda" }, "geometry": { "type": "Polygon", "coordinates": [ [ [ -61.809305784120397, 17.661626989985464 ], [ -61.809305784120397, 17.661380502716646 ], [ -61.809616709154731, 17.661380502716646 ], [ -61.809616709154731, 17.661626989985464 ], [ -61.809305784120397, 17.661626989985464 ] ] ] } },
{ "type": "Feature", "properties": { "PLOTID": "576", "ExtraInfo": "Antigua and Barbuda" }, "geometry": { "type": "Polygon", "coordinates": [ [ [ -61.690532421003901, 17.043720343289557 ], [ -61.690532421003901, 17.043474665049125 ], [ -61.690843346038235, 17.043474665049125 ], [ -61.690843346038235, 17.043720343289557 ], [ -61.690532421003901, 17.043720343289557 ] ] ] } },
{ "type": "Feature", "properties": { "PLOTID": "577", "ExtraInfo": "Antigua and Barbuda" }, "geometry": { "type": "Polygon", "coordinates": [ [ [ -61.749608177527818, 17.582767845809514 ], [ -61.749608177527818, 17.582521463656818 ], [ -61.749919102562153, 17.582521463656818 ], [ -61.749919102562153, 17.582767845809514 ], [ -61.749608177527818, 17.582767845809514 ] ] ] } },
{ "type": "Feature", "properties": { "PLOTID": "578", "ExtraInfo": "Antigua and Barbuda" }, "geometry": { "type": "Polygon", "coordinates": [ [ [ -61.799978033090312, 17.144720838707464 ], [ -61.799978033090312, 17.144475030508989 ], [ -61.800288958124646, 17.144475030508989 ], [ -61.800288958124646, 17.144720838707464 ], [ -61.799978033090312, 17.144720838707464 ] ] ] } },
{ "type": "Feature", "properties": { "PLOTID": "579", "ExtraInfo": "Antigua and Barbuda" }, "geometry": { "type": "Polygon", "coordinates": [ [ [ -61.780389755927111, 17.13341398996053 ], [ -61.780389755927111, 17.133168196354799 ], [ -61.780700680961445, 17.133168196354799 ], [ -61.780700680961445, 17.13341398996053 ], [ -61.780389755927111, 17.13341398996053 ] ] ] } },
{ "type": "Feature", "properties": { "PLOTID": "580", "ExtraInfo": "Antigua and Barbuda" }, "geometry": { "type": "Polygon", "coordinates": [ [ [ -61.902583294421312, 17.10220073726089 ], [ -61.902583294421312, 17.101954983881519 ], [ -61.902894219455646, 17.101954983881519 ], [ -61.902894219455646, 17.10220073726089 ], [ -61.902583294421312, 17.10220073726089 ] ] ] } },
{ "type": "Feature", "properties": { "PLOTID": "581", "ExtraInfo": "Antigua and Barbuda" }, "geometry": { "type": "Polygon", "coordinates": [ [ [ -61.844751238034753, 17.011047900517532 ], [ -61.844751238034753, 17.010802264127083 ], [ -61.845062163069088, 17.010802264127083 ], [ -61.845062163069088, 17.011047900517532 ], [ -61.844751238034753, 17.011047900517532 ] ] ] } },
{ "type": "Feature", "properties": { "PLOTID": "582", "ExtraInfo": "Antigua and Barbuda" }, "geometry": { "type": "Polygon", "coordinates": [ [ [ -61.801221733227649, 17.644127212158391 ], [ -61.801221733227649, 17.643880748263456 ], [ -61.801532658261983, 17.643880748263456 ], [ -61.801532658261983, 17.644127212158391 ], [ -61.801221733227649, 17.644127212158391 ] ] ] } },
{ "type": "Feature", "properties": { "PLOTID": "583", "ExtraInfo": "Antigua and Barbuda" }, "geometry": { "type": "Polygon", "coordinates": [ [ [ -61.839776437485376, 17.612582505744783 ], [ -61.839776437485376, 17.612336083914805 ], [ -61.840087362519711, 17.612336083914805 ], [ -61.840087362519711, 17.612582505744783 ], [ -61.839776437485376, 17.612582505744783 ] ] ] } },
{ "type": "Feature", "properties": { "PLOTID": "584", "ExtraInfo": "Antigua and Barbuda" }, "geometry": { "type": "Polygon", "coordinates": [ [ [ -61.767952754553654, 17.00097706616128 ], [ -61.767952754553654, 17.000731442651819 ], [ -61.768263679587989, 17.000731442651819 ], [ -61.768263679587989, 17.00097706616128 ], [ -61.767952754553654, 17.00097706616128 ] ] ] } },
{ "type": "Feature", "properties": { "PLOTID": "585", "ExtraInfo": "Antigua and Barbuda" }, "geometry": { "type": "Polygon", "coordinates": [ [ [ -61.816457059910128, 17.132922403066164 ], [ -61.816457059910128, 17.132676610094627 ], [ -61.81676798494447, 17.132676610094627 ], [ -61.81676798494447, 17.132922403066164 ], [ -61.816457059910128, 17.132922403066164 ] ] ] } },
{ "type": "Feature", "properties": { "PLOTID": "586", "ExtraInfo": "Antigua and Barbuda" }, "geometry": { "type": "Polygon", "coordinates": [ [ [ -61.778213280686771, 17.594594574460782 ], [ -61.778213280686771, 17.594348176578485 ], [ -61.778524205721105, 17.594348176578485 ], [ -61.778524205721105, 17.594594574460782 ], [ -61.778213280686771, 17.594594574460782 ] ] ] } },
{ "type": "Feature", "properties": { "PLOTID": "587", "ExtraInfo": "Antigua and Barbuda" }, "geometry": { "type": "Polygon", "coordinates": [ [ [ -61.888280742841836, 17.053056349922109 ], [ -61.888280742841836, 17.052810659706193 ], [ -61.88859166787617, 17.052810659706193 ], [ -61.88859166787617, 17.053056349922109 ], [ -61.888280742841836, 17.053056349922109 ] ] ] } },
{ "type": "Feature", "properties": { "PLOTID": "588", "ExtraInfo": "Antigua and Barbuda" }, "geometry": { "type": "Polygon", "coordinates": [ [ [ -61.844129387966071, 17.708958655914852 ], [ -61.844129387966071, 17.70871210529117 ], [ -61.844440313000419, 17.70871210529117 ], [ -61.844440313000419, 17.708958655914852 ], [ -61.844129387966071, 17.708958655914852 ] ] ] } },
{ "type": "Feature", "properties": { "PLOTID": "589", "ExtraInfo": "Antigua and Barbuda" }, "geometry": { "type": "Polygon", "coordinates": [ [ [ -61.702969422377357, 17.095811252206197 ], [ -61.702969422377357, 17.095565507050871 ], [ -61.703280347411692, 17.095565507050871 ], [ -61.703280347411692, 17.095811252206197 ], [ -61.702969422377357, 17.095811252206197 ] ] ] } },
{ "type": "Feature", "properties": { "PLOTID": "590", "ExtraInfo": "Antigua and Barbuda" }, "geometry": { "type": "Polygon", "coordinates": [ [ [ -61.832314236661297, 17.013258642175277 ], [ -61.832314236661297, 17.013013002956022 ], [ -61.832625161695631, 17.013013002956022 ], [ -61.832625161695631, 17.013258642175277 ], [ -61.832314236661297, 17.013258642175277 ] ] ] } },
{ "type": "Feature", "properties": { "PLOTID": "591", "ExtraInfo": "Antigua and Barbuda" }, "geometry": { "type": "Polygon", "coordinates": [ [ [ -61.873045416159357, 17.070746874308639 ], [ -61.873045416159357, 17.070501161379944 ], [ -61.873356341193691, 17.070501161379944 ], [ -61.873356341193691, 17.070746874308639 ], [ -61.873045416159357, 17.070746874308639 ] ] ] } },
{ "type": "Feature", "properties": { "PLOTID": "592", "ExtraInfo": "Antigua and Barbuda" }, "geometry": { "type": "Polygon", "coordinates": [ [ [ -61.799356183021629, 17.015715051657452 ], [ -61.799356183021629, 17.015469409294539 ], [ -61.799667108055964, 17.015469409294539 ], [ -61.799667108055964, 17.015715051657452 ], [ -61.799356183021629, 17.015715051657452 ] ] ] } },
{ "type": "Feature", "properties": { "PLOTID": "593", "ExtraInfo": "Antigua and Barbuda" }, "geometry": { "type": "Polygon", "coordinates": [ [ [ -61.860608414785901, 17.583506994232994 ], [ -61.860608414785901, 17.58326061109759 ], [ -61.860919339820235, 17.58326061109759 ], [ -61.860919339820235, 17.583506994232994 ], [ -61.860608414785901, 17.583506994232994 ] ] ] } },
{ "type": "Feature", "properties": { "PLOTID": "594", "ExtraInfo": "Antigua and Barbuda" }, "geometry": { "type": "Polygon", "coordinates": [ [ [ -61.798423407918627, 17.135871943459584 ], [ -61.798423407918627, 17.13562614668254 ], [ -61.798734332952961, 17.13562614668254 ], [ -61.798734332952961, 17.135871943459584 ], [ -61.798423407918627, 17.135871943459584 ] ] ] } },
{ "type": "Feature", "properties": { "PLOTID": "595", "ExtraInfo": "Antigua and Barbuda" }, "geometry": { "type": "Polygon", "coordinates": [ [ [ -62.342853143041644, 16.935652263936579 ], [ -62.342853143041644, 16.935406723766445 ], [ -62.343164068075964, 16.935406723766445 ], [ -62.343164068075964, 16.935652263936579 ], [ -62.342853143041644, 16.935652263936579 ] ] ] } },
{ "type": "Feature", "properties": { "PLOTID": "596", "ExtraInfo": "Antigua and Barbuda" }, "geometry": { "type": "Polygon", "coordinates": [ [ [ -61.721003074368859, 17.129972908334352 ], [ -61.721003074368859, 17.129727119167498 ], [ -61.721313999403208, 17.129727119167498 ], [ -61.721313999403208, 17.129972908334352 ], [ -61.721003074368859, 17.129972908334352 ] ] ] } },
{ "type": "Feature", "properties": { "PLOTID": "597", "ExtraInfo": "Antigua and Barbuda" }, "geometry": { "type": "Polygon", "coordinates": [ [ [ -61.831692386592621, 17.706739712200278 ], [ -61.831692386592621, 17.706493164551144 ], [ -61.832003311626963, 17.706493164551144 ], [ -61.832003311626963, 17.706739712200278 ], [ -61.831692386592621, 17.706739712200278 ] ] ] } },
{ "type": "Feature", "properties": { "PLOTID": "598", "ExtraInfo": "Antigua and Barbuda" }, "geometry": { "type": "Polygon", "coordinates": [ [ [ -61.755515753180198, 17.623671827935222 ], [ -61.755515753180198, 17.623425391327608 ], [ -61.755826678214547, 17.623425391327608 ], [ -61.755826678214547, 17.623671827935222 ], [ -61.755515753180198, 17.623671827935222 ] ] ] } },
{ "type": "Feature", "properties": { "PLOTID": "599", "ExtraInfo": "Antigua and Barbuda" }, "geometry": { "type": "Polygon", "coordinates": [ [ [ -61.887347967738833, 17.042246278572364 ], [ -61.887347967738833, 17.042000602222053 ], [ -61.887658892773167, 17.042000602222053 ], [ -61.887658892773167, 17.042246278572364 ], [ -61.887347967738833, 17.042246278572364 ] ] ] } },
{ "type": "Feature", "properties": { "PLOTID": "600", "ExtraInfo": "Antigua and Barbuda" }, "geometry": { "type": "Polygon", "coordinates": [ [ [ -61.801843583296332, 17.158486604505018 ], [ -61.801843583296332, 17.158240778525268 ], [ -61.802154508330666, 17.158240778525268 ], [ -61.802154508330666, 17.158486604505018 ], [ -61.801843583296332, 17.158486604505018 ] ] ] } },
{ "type": "Feature", "properties": { "PLOTID": "601", "ExtraInfo": "Aruba" }, "geometry": { "type": "Polygon", "coordinates": [ [ [ -69.90392812803384, 12.463117007370691 ], [ -69.90392812803384, 12.462876323463817 ], [ -69.904239053068167, 12.462876323463817 ], [ -69.904239053068167, 12.463117007370691 ], [ -69.90392812803384, 12.463117007370691 ] ] ] } },
{ "type": "Feature", "properties": { "PLOTID": "602", "ExtraInfo": "Aruba" }, "geometry": { "type": "Polygon", "coordinates": [ [ [ -70.028609066802716, 12.535813531962425 ], [ -70.028609066802716, 12.535572782077859 ], [ -70.028919991837043, 12.535572782077859 ], [ -70.028919991837043, 12.535813531962425 ], [ -70.028609066802716, 12.535813531962425 ] ] ] } },
{ "type": "Feature", "properties": { "PLOTID": "603", "ExtraInfo": "Aruba" }, "geometry": { "type": "Polygon", "coordinates": [ [ [ -69.918230679613288, 12.492482079257316 ], [ -69.918230679613288, 12.492241368749362 ], [ -69.918541604647643, 12.492241368749362 ], [ -69.918541604647643, 12.492482079257316 ], [ -69.918230679613288, 12.492482079257316 ] ] ] } },
{ "type": "Feature", "properties": { "PLOTID": "604", "ExtraInfo": "Aruba" }, "geometry": { "type": "Polygon", "coordinates": [ [ [ -69.919785304784995, 12.45950677162913 ], [ -69.919785304784995, 12.459266090988008 ], [ -69.920096229819308, 12.459266090988008 ], [ -69.920096229819308, 12.45950677162913 ], [ -69.919785304784995, 12.45950677162913 ] ] ] } },
{ "type": "Feature", "properties": { "PLOTID": "605", "ExtraInfo": "Aruba" }, "geometry": { "type": "Polygon", "coordinates": [ [ [ -69.899575177553118, 12.484538747746624 ], [ -69.899575177553118, 12.484298044441019 ], [ -69.899886102587459, 12.484298044441019 ], [ -69.899886102587459, 12.484538747746624 ], [ -69.899575177553118, 12.484538747746624 ] ] ] } },
{ "type": "Feature", "properties": { "PLOTID": "606", "ExtraInfo": "Aruba" }, "geometry": { "type": "Polygon", "coordinates": [ [ [ -69.916365129407282, 12.485020155012373 ], [ -69.916365129407282, 12.484779451270413 ], [ -69.916676054441623, 12.484779451270413 ], [ -69.916676054441623, 12.485020155012373 ], [ -69.916365129407282, 12.485020155012373 ] ] ] } },
{ "type": "Feature", "properties": { "PLOTID": "607", "ExtraInfo": "Aruba" }, "geometry": { "type": "Polygon", "coordinates": [ [ [ -69.951810583321631, 12.48766791057534 ], [ -69.951810583321631, 12.487427204433061 ], [ -69.952121508355972, 12.487427204433061 ], [ -69.952121508355972, 12.48766791057534 ], [ -69.951810583321631, 12.48766791057534 ] ] ] } },
{ "type": "Feature", "properties": { "PLOTID": "608", "ExtraInfo": "Aruba" }, "geometry": { "type": "Polygon", "coordinates": [ [ [ -69.871280999428507, 12.435439784257955 ], [ -69.871280999428507, 12.435199125361198 ], [ -69.871591924462848, 12.435199125361198 ], [ -69.871591924462848, 12.435439784257955 ], [ -69.871280999428507, 12.435439784257955 ] ] ] } },
{ "type": "Feature", "properties": { "PLOTID": "609", "ExtraInfo": "Aruba" }, "geometry": { "type": "Polygon", "coordinates": [ [ [ -69.92071807988799, 12.446028990819398 ], [ -69.92071807988799, 12.445788322360961 ], [ -69.921029004922346, 12.445788322360961 ], [ -69.921029004922346, 12.446028990819398 ], [ -69.92071807988799, 12.446028990819398 ] ] ] } },
{ "type": "Feature", "properties": { "PLOTID": "610", "ExtraInfo": "Aruba" }, "geometry": { "type": "Polygon", "coordinates": [ [ [ -69.999382113575095, 12.515109842522206 ], [ -69.999382113575095, 12.514869111470121 ], [ -69.999693038609436, 12.514869111470121 ], [ -69.999693038609436, 12.515109842522206 ], [ -69.999382113575095, 12.515109842522206 ] ] ] } },
{ "type": "Feature", "properties": { "PLOTID": "611", "ExtraInfo": "Aruba" }, "geometry": { "type": "Polygon", "coordinates": [ [ [ -70.019592240806958, 12.528109644348174 ], [ -70.019592240806958, 12.527868901475152 ], [ -70.019903165841299, 12.527868901475152 ], [ -70.019903165841299, 12.528109644348174 ], [ -70.019592240806958, 12.528109644348174 ] ] ] } },
{ "type": "Feature", "properties": { "PLOTID": "612", "ExtraInfo": "Aruba" }, "geometry": { "type": "Polygon", "coordinates": [ [ [ -70.024256116321993, 12.501388521580195 ], [ -70.024256116321993, 12.501147802990731 ], [ -70.024567041356349, 12.501147802990731 ], [ -70.024567041356349, 12.501388521580195 ], [ -70.024256116321993, 12.501388521580195 ] ] ] } },
{ "type": "Feature", "properties": { "PLOTID": "613", "ExtraInfo": "Aruba" }, "geometry": { "type": "Polygon", "coordinates": [ [ [ -69.883718000801963, 12.414984552984514 ], [ -69.883718000801963, 12.414743912533195 ], [ -69.884028925836304, 12.414743912533195 ], [ -69.884028925836304, 12.414984552984514 ], [ -69.883718000801963, 12.414984552984514 ] ] ] } },
{ "type": "Feature", "properties": { "PLOTID": "614", "ExtraInfo": "Aruba" }, "geometry": { "type": "Polygon", "coordinates": [ [ [ -69.964247584695087, 12.48766791057534 ], [ -69.964247584695087, 12.487427204433061 ], [ -69.964558509729414, 12.487427204433061 ], [ -69.964558509729414, 12.48766791057534 ], [ -69.964247584695087, 12.48766791057534 ] ] ] } },
{ "type": "Feature", "properties": { "PLOTID": "615", "ExtraInfo": "Aruba" }, "geometry": { "type": "Polygon", "coordinates": [ [ [ -69.891491126660384, 12.461913590013769 ], [ -69.891491126660384, 12.461672907195593 ], [ -69.891802051694711, 12.461672907195593 ], [ -69.891802051694711, 12.461913590013769 ], [ -69.891491126660384, 12.461913590013769 ] ] ] } },
{ "type": "Feature", "properties": { "PLOTID": "616", "ExtraInfo": "Aruba" }, "geometry": { "type": "Polygon", "coordinates": [ [ [ -69.975440885931206, 12.517998632213425 ], [ -69.975440885931206, 12.517757898535661 ], [ -69.975751810965534, 12.517757898535661 ], [ -69.975751810965534, 12.517998632213425 ], [ -69.975440885931206, 12.517998632213425 ] ] ] } },
{ "type": "Feature", "properties": { "PLOTID": "617", "ExtraInfo": "Aruba" }, "geometry": { "type": "Polygon", "coordinates": [ [ [ -69.9431046823602, 12.511980355908261 ], [ -69.9431046823602, 12.511739627699887 ], [ -69.943415607394556, 12.511739627699887 ], [ -69.943415607394556, 12.511980355908261 ], [ -69.9431046823602, 12.511980355908261 ] ] ] } },
{ "type": "Feature", "properties": { "PLOTID": "618", "ExtraInfo": "Aruba" }, "geometry": { "type": "Polygon", "coordinates": [ [ [ -70.028609066802716, 12.503554998718839 ], [ -70.028609066802716, 12.503314278162625 ], [ -70.028919991837043, 12.503314278162625 ], [ -70.028919991837043, 12.503554998718839 ], [ -70.028609066802716, 12.503554998718839 ] ] ] } },
{ "type": "Feature", "properties": { "PLOTID": "619", "ExtraInfo": "Aruba" }, "geometry": { "type": "Polygon", "coordinates": [ [ [ -69.949945033115611, 12.466727292106997 ], [ -69.949945033115611, 12.466486604933307 ], [ -69.950255958149953, 12.466486604933307 ], [ -69.950255958149953, 12.466727292106997 ], [ -69.949945033115611, 12.466727292106997 ] ] ] } },
{ "type": "Feature", "properties": { "PLOTID": "620", "ExtraInfo": "Aruba" }, "geometry": { "type": "Polygon", "coordinates": [ [ [ -69.950255958149953, 12.514628380636813 ], [ -69.950255958149953, 12.514387650022275 ], [ -69.95056688318428, 12.514387650022275 ], [ -69.95056688318428, 12.514628380636813 ], [ -69.950255958149953, 12.514628380636813 ] ] ] } },
{ "type": "Feature", "properties": { "PLOTID": "621", "ExtraInfo": "Aruba" }, "geometry": { "type": "Polygon", "coordinates": [ [ [ -70.032029242180414, 12.579152086402548 ], [ -70.032029242180414, 12.578911296987249 ], [ -70.032340167214755, 12.578911296987249 ], [ -70.032340167214755, 12.579152086402548 ], [ -70.032029242180414, 12.579152086402548 ] ] ] } },
{ "type": "Feature", "properties": { "PLOTID": "622", "ExtraInfo": "Aruba" }, "geometry": { "type": "Polygon", "coordinates": [ [ [ -70.042911618382192, 12.596971114084267 ], [ -70.042911618382192, 12.596730308372688 ], [ -70.043222543416519, 12.596730308372688 ], [ -70.043222543416519, 12.596971114084267 ], [ -70.042911618382192, 12.596971114084267 ] ] ] } },
{ "type": "Feature", "properties": { "PLOTID": "623", "ExtraInfo": "Aruba" }, "geometry": { "type": "Polygon", "coordinates": [ [ [ -70.041978843279182, 12.589506239487108 ], [ -70.041978843279182, 12.589265440605526 ], [ -70.042289768313509, 12.589265440605526 ], [ -70.042289768313509, 12.589506239487108 ], [ -70.041978843279182, 12.589506239487108 ] ] ] } },
{ "type": "Feature", "properties": { "PLOTID": "624", "ExtraInfo": "Aruba" }, "geometry": { "type": "Polygon", "coordinates": [ [ [ -69.874079324737536, 12.428460764419604 ], [ -69.874079324737536, 12.428220111819845 ], [ -69.874390249771864, 12.428220111819845 ], [ -69.874390249771864, 12.428460764419604 ], [ -69.874079324737536, 12.428460764419604 ] ] ] } },
{ "type": "Feature", "properties": { "PLOTID": "625", "ExtraInfo": "Aruba" }, "geometry": { "type": "Polygon", "coordinates": [ [ [ -69.977928286205895, 12.472263157231332 ], [ -69.977928286205895, 12.47202246504645 ], [ -69.978239211240222, 12.47202246504645 ], [ -69.978239211240222, 12.472263157231332 ], [ -69.977928286205895, 12.472263157231332 ] ] ] } },
{ "type": "Feature", "properties": { "PLOTID": "626", "ExtraInfo": "Aruba" }, "geometry": { "type": "Polygon", "coordinates": [ [ [ -70.005911539296164, 12.543999158486473 ], [ -70.005911539296164, 12.5437584011468 ], [ -70.006222464330506, 12.5437584011468 ], [ -70.006222464330506, 12.543999158486473 ], [ -70.005911539296164, 12.543999158486473 ] ] ] } },
{ "type": "Feature", "properties": { "PLOTID": "627", "ExtraInfo": "Aruba" }, "geometry": { "type": "Polygon", "coordinates": [ [ [ -69.928491205746411, 12.497055620397225 ], [ -69.928491205746411, 12.496814905740118 ], [ -69.928802130780738, 12.496814905740118 ], [ -69.928802130780738, 12.497055620397225 ], [ -69.928491205746411, 12.497055620397225 ] ] ] } },
{ "type": "Feature", "properties": { "PLOTID": "628", "ExtraInfo": "Aruba" }, "geometry": { "type": "Polygon", "coordinates": [ [ [ -69.950255958149953, 12.481650322477666 ], [ -69.950255958149953, 12.48140962178981 ], [ -69.95056688318428, 12.48140962178981 ], [ -69.95056688318428, 12.481650322477666 ], [ -69.950255958149953, 12.481650322477666 ] ] ] } },
{ "type": "Feature", "properties": { "PLOTID": "629", "ExtraInfo": "Aruba" }, "geometry": { "type": "Polygon", "coordinates": [ [ [ -69.872524699565858, 12.444344316175847 ], [ -69.872524699565858, 12.444103649239201 ], [ -69.872835624600185, 12.444103649239201 ], [ -69.872835624600185, 12.444344316175847 ], [ -69.872524699565858, 12.444344316175847 ] ] ] } },
{ "type": "Feature", "properties": { "PLOTID": "630", "ExtraInfo": "Aruba" }, "geometry": { "type": "Polygon", "coordinates": [ [ [ -70.040735143141845, 12.528591130751337 ], [ -70.040735143141845, 12.528350387440234 ], [ -70.041046068176172, 12.528350387440234 ], [ -70.041046068176172, 12.528591130751337 ], [ -70.040735143141845, 12.528591130751337 ] ] ] } },
{ "type": "Feature", "properties": { "PLOTID": "631", "ExtraInfo": "Aruba" }, "geometry": { "type": "Polygon", "coordinates": [ [ [ -69.970466085381815, 12.521128189940242 ], [ -69.970466085381815, 12.520887453417224 ], [ -69.970777010416157, 12.520887453417224 ], [ -69.970777010416157, 12.521128189940242 ], [ -69.970466085381815, 12.521128189940242 ] ] ] } },
{ "type": "Feature", "properties": { "PLOTID": "632", "ExtraInfo": "Aruba" }, "geometry": { "type": "Polygon", "coordinates": [ [ [ -69.95336520849331, 12.46769004298006 ], [ -69.95336520849331, 12.46744935493504 ], [ -69.953676133527651, 12.46744935493504 ], [ -69.953676133527651, 12.46769004298006 ], [ -69.95336520849331, 12.46769004298006 ] ] ] } },
{ "type": "Feature", "properties": { "PLOTID": "633", "ExtraInfo": "Aruba" }, "geometry": { "type": "Polygon", "coordinates": [ [ [ -70.015239290326264, 12.586375871204373 ], [ -70.015239290326264, 12.58613507518562 ], [ -70.015550215360591, 12.58613507518562 ], [ -70.015550215360591, 12.586375871204373 ], [ -70.015239290326264, 12.586375871204373 ] ] ] } },
{ "type": "Feature", "properties": { "PLOTID": "634", "ExtraInfo": "Aruba" }, "geometry": { "type": "Polygon", "coordinates": [ [ [ -70.038247742867156, 12.526665190395425 ], [ -70.038247742867156, 12.526424448836524 ], [ -70.038558667901469, 12.526424448836524 ], [ -70.038558667901469, 12.526665190395425 ], [ -70.038247742867156, 12.526665190395425 ] ] ] } },
{ "type": "Feature", "properties": { "PLOTID": "635", "ExtraInfo": "Aruba" }, "geometry": { "type": "Polygon", "coordinates": [ [ [ -69.976062735999875, 12.471300389799374 ], [ -69.976062735999875, 12.471059698486187 ], [ -69.976373661034202, 12.471059698486187 ], [ -69.976373661034202, 12.471300389799374 ], [ -69.976062735999875, 12.471300389799374 ] ] ] } },
{ "type": "Feature", "properties": { "PLOTID": "636", "ExtraInfo": "Aruba" }, "geometry": { "type": "Polygon", "coordinates": [ [ [ -69.9431046823602, 12.490315692545183 ], [ -69.9431046823602, 12.490074984002018 ], [ -69.943415607394556, 12.490074984002018 ], [ -69.943415607394556, 12.490315692545183 ], [ -69.9431046823602, 12.490315692545183 ] ] ] } },
{ "type": "Feature", "properties": { "PLOTID": "637", "ExtraInfo": "Aruba" }, "geometry": { "type": "Polygon", "coordinates": [ [ [ -69.952743358424641, 12.496092763079304 ], [ -69.952743358424641, 12.495852049295847 ], [ -69.953054283458982, 12.495852049295847 ], [ -69.953054283458982, 12.496092763079304 ], [ -69.952743358424641, 12.496092763079304 ] ] ] } },
{ "type": "Feature", "properties": { "PLOTID": "638", "ExtraInfo": "Aruba" }, "geometry": { "type": "Polygon", "coordinates": [ [ [ -69.932844156227119, 12.466967979498515 ], [ -69.932844156227119, 12.466727292106997 ], [ -69.933155081261447, 12.466727292106997 ], [ -69.933155081261447, 12.466967979498515 ], [ -69.932844156227119, 12.466967979498515 ] ] ] } },
{ "type": "Feature", "properties": { "PLOTID": "639", "ExtraInfo": "Aruba" }, "geometry": { "type": "Polygon", "coordinates": [ [ [ -69.898331477415766, 12.460469496370521 ], [ -69.898331477415766, 12.460228814858631 ], [ -69.898642402450122, 12.460228814858631 ], [ -69.898642402450122, 12.460469496370521 ], [ -69.898331477415766, 12.460469496370521 ] ] ] } },
{ "type": "Feature", "properties": { "PLOTID": "640", "ExtraInfo": "Aruba" }, "geometry": { "type": "Polygon", "coordinates": [ [ [ -69.897398702312771, 12.483816638484317 ], [ -69.897398702312771, 12.483575935833214 ], [ -69.897709627347098, 12.483575935833214 ], [ -69.897709627347098, 12.483816638484317 ], [ -69.897398702312771, 12.483816638484317 ] ] ] } },
{ "type": "Feature", "properties": { "PLOTID": "641", "ExtraInfo": "Aruba" }, "geometry": { "type": "Polygon", "coordinates": [ [ [ -69.916054204372955, 12.448676358212806 ], [ -69.916054204372955, 12.448435687362517 ], [ -69.916365129407282, 12.448435687362517 ], [ -69.916365129407282, 12.448676358212806 ], [ -69.916054204372955, 12.448676358212806 ] ] ] } },
{ "type": "Feature", "properties": { "PLOTID": "642", "ExtraInfo": "Aruba" }, "geometry": { "type": "Polygon", "coordinates": [ [ [ -70.041046068176172, 12.600824035446962 ], [ -70.041046068176172, 12.600583226208434 ], [ -70.041356993210499, 12.600583226208434 ], [ -70.041356993210499, 12.600824035446962 ], [ -70.041046068176172, 12.600824035446962 ] ] ] } },
{ "type": "Feature", "properties": { "PLOTID": "643", "ExtraInfo": "Aruba" }, "geometry": { "type": "Polygon", "coordinates": [ [ [ -69.965180359798097, 12.462635639774691 ], [ -69.965180359798097, 12.462394956303312 ], [ -69.965491284832439, 12.462394956303312 ], [ -69.965491284832439, 12.462635639774691 ], [ -69.965180359798097, 12.462635639774691 ] ] ] } },
{ "type": "Feature", "properties": { "PLOTID": "644", "ExtraInfo": "Aruba" }, "geometry": { "type": "Polygon", "coordinates": [ [ [ -69.879054125286928, 12.452286447066204 ], [ -69.879054125286928, 12.452045772953365 ], [ -69.87936505032124, 12.452045772953365 ], [ -69.87936505032124, 12.452286447066204 ], [ -69.879054125286928, 12.452286447066204 ] ] ] } },
{ "type": "Feature", "properties": { "PLOTID": "645", "ExtraInfo": "Aruba" }, "geometry": { "type": "Polygon", "coordinates": [ [ [ -69.914188654166935, 12.43856836968353 ], [ -69.914188654166935, 12.438327707962687 ], [ -69.914499579201262, 12.438327707962687 ], [ -69.914499579201262, 12.43856836968353 ], [ -69.914188654166935, 12.43856836968353 ] ] ] } },
{ "type": "Feature", "properties": { "PLOTID": "646", "ExtraInfo": "Aruba" }, "geometry": { "type": "Polygon", "coordinates": [ [ [ -69.917297904510292, 12.510054536365004 ], [ -69.917297904510292, 12.509813809906211 ], [ -69.917608829544619, 12.509813809906211 ], [ -69.917608829544619, 12.510054536365004 ], [ -69.917297904510292, 12.510054536365004 ] ] ] } },
{ "type": "Feature", "properties": { "PLOTID": "647", "ExtraInfo": "Aruba" }, "geometry": { "type": "Polygon", "coordinates": [ [ [ -69.994096387991377, 12.496814905740118 ], [ -69.994096387991377, 12.496574191301434 ], [ -69.994407313025718, 12.496574191301434 ], [ -69.994407313025718, 12.496814905740118 ], [ -69.994096387991377, 12.496814905740118 ] ] ] } },
{ "type": "Feature", "properties": { "PLOTID": "648", "ExtraInfo": "Aruba" }, "geometry": { "type": "Polygon", "coordinates": [ [ [ -70.001558588815456, 12.532683800558075 ], [ -70.001558588815456, 12.532443053522535 ], [ -70.001869513849783, 12.532443053522535 ], [ -70.001869513849783, 12.532683800558075 ], [ -70.001558588815456, 12.532683800558075 ] ] ] } },
{ "type": "Feature", "properties": { "PLOTID": "649", "ExtraInfo": "Aruba" }, "geometry": { "type": "Polygon", "coordinates": [ [ [ -70.04539901865688, 12.56783522167088 ], [ -70.04539901865688, 12.56759444259237 ], [ -70.045709943691222, 12.56759444259237 ], [ -70.045709943691222, 12.56783522167088 ], [ -70.04539901865688, 12.56783522167088 ] ] ] } },
{ "type": "Feature", "properties": { "PLOTID": "650", "ExtraInfo": "Aruba" }, "geometry": { "type": "Polygon", "coordinates": [ [ [ -70.023634266253325, 12.521850400822705 ], [ -70.023634266253325, 12.521609663642979 ], [ -70.02394519128768, 12.521609663642979 ], [ -70.02394519128768, 12.521850400822705 ], [ -70.023634266253325, 12.521850400822705 ] ] ] } },
{ "type": "Feature", "properties": { "PLOTID": "651", "ExtraInfo": "Aruba" }, "geometry": { "type": "Polygon", "coordinates": [ [ [ -70.031407392111745, 12.603472951623168 ], [ -70.031407392111745, 12.603232139959152 ], [ -70.031718317146087, 12.603232139959152 ], [ -70.031718317146087, 12.603472951623168 ], [ -70.031407392111745, 12.603472951623168 ] ] ] } },
{ "type": "Feature", "properties": { "PLOTID": "652", "ExtraInfo": "Aruba" }, "geometry": { "type": "Polygon", "coordinates": [ [ [ -70.019903165841299, 12.571928499642185 ], [ -70.019903165841299, 12.571687716826052 ], [ -70.020214090875641, 12.571687716826052 ], [ -70.020214090875641, 12.571928499642185 ], [ -70.019903165841299, 12.571928499642185 ] ] ] } },
{ "type": "Feature", "properties": { "PLOTID": "653", "ExtraInfo": "Aruba" }, "geometry": { "type": "Polygon", "coordinates": [ [ [ -69.923516405197034, 12.47202246504645 ], [ -69.923516405197034, 12.471781773079501 ], [ -69.923827330231362, 12.471781773079501 ], [ -69.923827330231362, 12.47202246504645 ], [ -69.923516405197034, 12.47202246504645 ] ] ] } },
{ "type": "Feature", "properties": { "PLOTID": "654", "ExtraInfo": "Aruba" }, "geometry": { "type": "Polygon", "coordinates": [ [ [ -69.925071030368699, 12.459025410564553 ], [ -69.925071030368699, 12.458784730358779 ], [ -69.92538195540304, 12.458784730358779 ], [ -69.92538195540304, 12.459025410564553 ], [ -69.925071030368699, 12.459025410564553 ] ] ] } },
{ "type": "Feature", "properties": { "PLOTID": "655", "ExtraInfo": "Aruba" }, "geometry": { "type": "Polygon", "coordinates": [ [ [ -69.899575177553118, 12.451564425380299 ], [ -69.899575177553118, 12.451323751920055 ], [ -69.899886102587459, 12.451323751920055 ], [ -69.899886102587459, 12.451564425380299 ], [ -69.899575177553118, 12.451564425380299 ] ] ] } },
{ "type": "Feature", "properties": { "PLOTID": "656", "ExtraInfo": "Aruba" }, "geometry": { "type": "Polygon", "coordinates": [ [ [ -70.034827567489444, 12.518961569112887 ], [ -70.034827567489444, 12.518720834559748 ], [ -70.035138492523785, 12.518720834559748 ], [ -70.035138492523785, 12.518961569112887 ], [ -70.034827567489444, 12.518961569112887 ] ] ] } },
{ "type": "Feature", "properties": { "PLOTID": "657", "ExtraInfo": "Aruba" }, "geometry": { "type": "Polygon", "coordinates": [ [ [ -69.964558509729414, 12.523054090005148 ], [ -69.964558509729414, 12.522813351730804 ], [ -69.964869434763756, 12.522813351730804 ], [ -69.964869434763756, 12.523054090005148 ], [ -69.964558509729414, 12.523054090005148 ] ] ] } },
{ "type": "Feature", "properties": { "PLOTID": "658", "ExtraInfo": "Aruba" }, "geometry": { "type": "Polygon", "coordinates": [ [ [ -69.938440806845165, 12.517517165076734 ], [ -69.938440806845165, 12.517276431836635 ], [ -69.938751731879506, 12.517276431836635 ], [ -69.938751731879506, 12.517517165076734 ], [ -69.938440806845165, 12.517517165076734 ] ] ] } },
{ "type": "Feature", "properties": { "PLOTID": "659", "ExtraInfo": "Aruba" }, "geometry": { "type": "Polygon", "coordinates": [ [ [ -69.95056688318428, 12.499222062140808 ], [ -69.95056688318428, 12.498981345517716 ], [ -69.950877808218621, 12.498981345517716 ], [ -69.950877808218621, 12.499222062140808 ], [ -69.95056688318428, 12.499222062140808 ] ] ] } },
{ "type": "Feature", "properties": { "PLOTID": "660", "ExtraInfo": "Aruba" }, "geometry": { "type": "Polygon", "coordinates": [ [ [ -69.934398781398784, 12.514387650022275 ], [ -69.934398781398784, 12.514146919626503 ], [ -69.934709706433139, 12.514146919626503 ], [ -69.934709706433139, 12.514387650022275 ], [ -69.934398781398784, 12.514387650022275 ] ] ] } },
{ "type": "Feature", "properties": { "PLOTID": "661", "ExtraInfo": "Aruba" }, "geometry": { "type": "Polygon", "coordinates": [ [ [ -70.005911539296164, 12.528109644348174 ], [ -70.005911539296164, 12.527868901475152 ], [ -70.006222464330506, 12.527868901475152 ], [ -70.006222464330506, 12.528109644348174 ], [ -70.005911539296164, 12.528109644348174 ] ] ] } },
{ "type": "Feature", "properties": { "PLOTID": "662", "ExtraInfo": "Aruba" }, "geometry": { "type": "Polygon", "coordinates": [ [ [ -70.011819114948551, 12.542313861714879 ], [ -70.011819114948551, 12.542073105910532 ], [ -70.012130039982893, 12.542073105910532 ], [ -70.012130039982893, 12.542313861714879 ], [ -70.011819114948551, 12.542313861714879 ] ] ] } },
{ "type": "Feature", "properties": { "PLOTID": "663", "ExtraInfo": "Aruba" }, "geometry": { "type": "Polygon", "coordinates": [ [ [ -69.916054204372955, 12.479002626906823 ], [ -69.916054204372955, 12.478761928617978 ], [ -69.916365129407282, 12.478761928617978 ], [ -69.916365129407282, 12.479002626906823 ], [ -69.916054204372955, 12.479002626906823 ] ] ] } },
{ "type": "Feature", "properties": { "PLOTID": "664", "ExtraInfo": "Aruba" }, "geometry": { "type": "Polygon", "coordinates": [ [ [ -69.899575177553118, 12.446750997499233 ], [ -69.899575177553118, 12.446510328388527 ], [ -69.899886102587459, 12.446510328388527 ], [ -69.899886102587459, 12.446750997499233 ], [ -69.899575177553118, 12.446750997499233 ] ] ] } },
{ "type": "Feature", "properties": { "PLOTID": "665", "ExtraInfo": "Aruba" }, "geometry": { "type": "Polygon", "coordinates": [ [ [ -69.968600535175796, 12.531480067571552 ], [ -69.968600535175796, 12.531239321631576 ], [ -69.968911460210137, 12.531239321631576 ], [ -69.968911460210137, 12.531480067571552 ], [ -69.968600535175796, 12.531480067571552 ] ] ] } },
{ "type": "Feature", "properties": { "PLOTID": "666", "ExtraInfo": "Aruba" }, "geometry": { "type": "Polygon", "coordinates": [ [ [ -69.990987137648034, 12.56061194491693 ], [ -69.990987137648034, 12.560371172430877 ], [ -69.991298062682347, 12.560371172430877 ], [ -69.991298062682347, 12.56061194491693 ], [ -69.990987137648034, 12.56061194491693 ] ] ] } },
{ "type": "Feature", "properties": { "PLOTID": "667", "ExtraInfo": "Aruba" }, "geometry": { "type": "Polygon", "coordinates": [ [ [ -70.030163691974394, 12.514387650022275 ], [ -70.030163691974394, 12.514146919626503 ], [ -70.030474617008736, 12.514146919626503 ], [ -70.030474617008736, 12.514387650022275 ], [ -70.030163691974394, 12.514387650022275 ] ] ] } },
{ "type": "Feature", "properties": { "PLOTID": "668", "ExtraInfo": "Aruba" }, "geometry": { "type": "Polygon", "coordinates": [ [ [ -69.967667760072786, 12.50379571949361 ], [ -69.967667760072786, 12.503554998718839 ], [ -69.967978685107127, 12.503554998718839 ], [ -69.967978685107127, 12.50379571949361 ], [ -69.967667760072786, 12.50379571949361 ] ] ] } },
{ "type": "Feature", "properties": { "PLOTID": "669", "ExtraInfo": "Aruba" }, "geometry": { "type": "Polygon", "coordinates": [ [ [ -69.941239132154195, 12.471300389799374 ], [ -69.941239132154195, 12.471059698486187 ], [ -69.941550057188536, 12.471059698486187 ], [ -69.941550057188536, 12.471300389799374 ], [ -69.941239132154195, 12.471300389799374 ] ] ] } },
{ "type": "Feature", "properties": { "PLOTID": "670", "ExtraInfo": "Aruba" }, "geometry": { "type": "Polygon", "coordinates": [ [ [ -70.00342413902149, 12.522331875838908 ], [ -70.00342413902149, 12.522091138221349 ], [ -70.003735064055803, 12.522091138221349 ], [ -70.003735064055803, 12.522331875838908 ], [ -70.00342413902149, 12.522331875838908 ] ] ] } },
{ "type": "Feature", "properties": { "PLOTID": "671", "ExtraInfo": "Aruba" }, "geometry": { "type": "Polygon", "coordinates": [ [ [ -69.905793678239831, 12.436643081999968 ], [ -69.905793678239831, 12.436402422017119 ], [ -69.906104603274187, 12.436402422017119 ], [ -69.906104603274187, 12.436643081999968 ], [ -69.905793678239831, 12.436643081999968 ] ] ] } },
{ "type": "Feature", "properties": { "PLOTID": "672", "ExtraInfo": "Aruba" }, "geometry": { "type": "Polygon", "coordinates": [ [ [ -70.01244096501722, 12.58613507518562 ], [ -70.01244096501722, 12.585894279387048 ], [ -70.012751890051575, 12.585894279387048 ], [ -70.012751890051575, 12.58613507518562 ], [ -70.01244096501722, 12.58613507518562 ] ] ] } },
{ "type": "Feature", "properties": { "PLOTID": "673", "ExtraInfo": "Aruba" }, "geometry": { "type": "Polygon", "coordinates": [ [ [ -70.050373819206257, 12.61141986028003 ], [ -70.050373819206257, 12.611179041336097 ], [ -70.050684744240613, 12.611179041336097 ], [ -70.050684744240613, 12.61141986028003 ], [ -70.050373819206257, 12.61141986028003 ] ] ] } },
{ "type": "Feature", "properties": { "PLOTID": "674", "ExtraInfo": "Aruba" }, "geometry": { "type": "Polygon", "coordinates": [ [ [ -69.977306436137212, 12.560852717622664 ], [ -69.977306436137212, 12.56061194491693 ], [ -69.977617361171554, 12.56061194491693 ], [ -69.977617361171554, 12.560852717622664 ], [ -69.977306436137212, 12.560852717622664 ] ] ] } },
{ "type": "Feature", "properties": { "PLOTID": "675", "ExtraInfo": "Aruba" }, "geometry": { "type": "Polygon", "coordinates": [ [ [ -69.935331556501808, 12.491759948388438 ], [ -69.935331556501808, 12.491519238535458 ], [ -69.935642481536135, 12.491519238535458 ], [ -69.935642481536135, 12.491759948388438 ], [ -69.935331556501808, 12.491759948388438 ] ] ] } },
{ "type": "Feature", "properties": { "PLOTID": "676", "ExtraInfo": "Aruba" }, "geometry": { "type": "Polygon", "coordinates": [ [ [ -69.943726532428869, 12.476354957722176 ], [ -69.943726532428869, 12.476114261831759 ], [ -69.944037457463224, 12.476114261831759 ], [ -69.944037457463224, 12.476354957722176 ], [ -69.943726532428869, 12.476354957722176 ] ] ] } },
{ "type": "Feature", "properties": { "PLOTID": "677", "ExtraInfo": "Aruba" }, "geometry": { "type": "Polygon", "coordinates": [ [ [ -69.950877808218621, 12.509573083666091 ], [ -69.950877808218621, 12.509332357644643 ], [ -69.951188733252962, 12.509332357644643 ], [ -69.951188733252962, 12.509573083666091 ], [ -69.950877808218621, 12.509573083666091 ] ] ] } },
{ "type": "Feature", "properties": { "PLOTID": "678", "ExtraInfo": "Aruba" }, "geometry": { "type": "Polygon", "coordinates": [ [ [ -69.940617282085526, 12.48140962178981 ], [ -69.940617282085526, 12.481168921320073 ], [ -69.940928207119853, 12.481168921320073 ], [ -69.940928207119853, 12.48140962178981 ], [ -69.940617282085526, 12.48140962178981 ] ] ] } },
{ "type": "Feature", "properties": { "PLOTID": "679", "ExtraInfo": "Aruba" }, "geometry": { "type": "Polygon", "coordinates": [ [ [ -70.056281394858658, 12.546165984414877 ], [ -70.056281394858658, 12.545925225100877 ], [ -70.056592319892999, 12.545925225100877 ], [ -70.056592319892999, 12.546165984414877 ], [ -70.056281394858658, 12.546165984414877 ] ] ] } },
{ "type": "Feature", "properties": { "PLOTID": "680", "ExtraInfo": "Aruba" }, "geometry": { "type": "Polygon", "coordinates": [ [ [ -69.980415686480583, 12.502592117805236 ], [ -69.980415686480583, 12.50235139812318 ], [ -69.98072661151491, 12.50235139812318 ], [ -69.98072661151491, 12.502592117805236 ], [ -69.980415686480583, 12.502592117805236 ] ] ] } },
{ "type": "Feature", "properties": { "PLOTID": "681", "ExtraInfo": "Aruba" }, "geometry": { "type": "Polygon", "coordinates": [ [ [ -70.043844393485202, 12.56903912036084 ], [ -70.043844393485202, 12.568798340183175 ], [ -70.044155318519529, 12.568798340183175 ], [ -70.044155318519529, 12.56903912036084 ], [ -70.043844393485202, 12.56903912036084 ] ] ] } },
{ "type": "Feature", "properties": { "PLOTID": "682", "ExtraInfo": "Aruba" }, "geometry": { "type": "Polygon", "coordinates": [ [ [ -69.879054125286928, 12.440012344571436 ], [ -69.879054125286928, 12.439771681546899 ], [ -69.87936505032124, 12.439771681546899 ], [ -69.87936505032124, 12.440012344571436 ], [ -69.879054125286928, 12.440012344571436 ] ] ] } },
{ "type": "Feature", "properties": { "PLOTID": "683", "ExtraInfo": "Aruba" }, "geometry": { "type": "Polygon", "coordinates": [ [ [ -69.955541683733657, 12.533406042979481 ], [ -69.955541683733657, 12.533165295286542 ], [ -69.955852608768012, 12.533165295286542 ], [ -69.955852608768012, 12.533406042979481 ], [ -69.955541683733657, 12.533406042979481 ] ] ] } },
{ "type": "Feature", "properties": { "PLOTID": "684", "ExtraInfo": "Aruba" }, "geometry": { "type": "Polygon", "coordinates": [ [ [ -69.918541604647643, 12.491759948388438 ], [ -69.918541604647643, 12.491519238535458 ], [ -69.918852529681971, 12.491519238535458 ], [ -69.918852529681971, 12.491759948388438 ], [ -69.918541604647643, 12.491759948388438 ] ] ] } },
{ "type": "Feature", "properties": { "PLOTID": "685", "ExtraInfo": "Aruba" }, "geometry": { "type": "Polygon", "coordinates": [ [ [ -70.026743516596696, 12.603472951623168 ], [ -70.026743516596696, 12.603232139959152 ], [ -70.027054441631051, 12.603232139959152 ], [ -70.027054441631051, 12.603472951623168 ], [ -70.026743516596696, 12.603472951623168 ] ] ] } },
{ "type": "Feature", "properties": { "PLOTID": "686", "ExtraInfo": "Aruba" }, "geometry": { "type": "Polygon", "coordinates": [ [ [ -69.986945112201639, 12.479965422242941 ], [ -69.986945112201639, 12.479724723081793 ], [ -69.987256037235994, 12.479724723081793 ], [ -69.987256037235994, 12.479965422242941 ], [ -69.986945112201639, 12.479965422242941 ] ] ] } },
{ "type": "Feature", "properties": { "PLOTID": "687", "ExtraInfo": "Aruba" }, "geometry": { "type": "Polygon", "coordinates": [ [ [ -70.020214090875641, 12.596489502881502 ], [ -70.020214090875641, 12.59624869761071 ], [ -70.020525015909968, 12.59624869761071 ], [ -70.020525015909968, 12.596489502881502 ], [ -70.020214090875641, 12.596489502881502 ] ] ] } },
{ "type": "Feature", "properties": { "PLOTID": "688", "ExtraInfo": "Aruba" }, "geometry": { "type": "Polygon", "coordinates": [ [ [ -70.013373740120244, 12.562778907177561 ], [ -70.013373740120244, 12.562538132714224 ], [ -70.013684665154571, 12.562538132714224 ], [ -70.013684665154571, 12.562778907177561 ], [ -70.013373740120244, 12.562778907177561 ] ] ] } },
{ "type": "Feature", "properties": { "PLOTID": "689", "ExtraInfo": "Aruba" }, "geometry": { "type": "Polygon", "coordinates": [ [ [ -70.003735064055803, 12.493204212091191 ], [ -70.003735064055803, 12.492963500928225 ], [ -70.004045989090159, 12.492963500928225 ], [ -70.004045989090159, 12.493204212091191 ], [ -70.003735064055803, 12.493204212091191 ] ] ] } },
{ "type": "Feature", "properties": { "PLOTID": "690", "ExtraInfo": "Aruba" }, "geometry": { "type": "Polygon", "coordinates": [ [ [ -69.9524324333903, 12.456137262460366 ], [ -69.9524324333903, 12.455896584866306 ], [ -69.952743358424641, 12.455896584866306 ], [ -69.952743358424641, 12.456137262460366 ], [ -69.9524324333903, 12.456137262460366 ] ] ] } },
{ "type": "Feature", "properties": { "PLOTID": "691", "ExtraInfo": "Aruba" }, "geometry": { "type": "Polygon", "coordinates": [ [ [ -69.963625734626419, 12.527868901475152 ], [ -69.963625734626419, 12.527628158821159 ], [ -69.963936659660746, 12.527628158821159 ], [ -69.963936659660746, 12.527868901475152 ], [ -69.963625734626419, 12.527868901475152 ] ] ] } },
{ "type": "Feature", "properties": { "PLOTID": "692", "ExtraInfo": "Aruba" }, "geometry": { "type": "Polygon", "coordinates": [ [ [ -69.885583551007983, 12.435680443371918 ], [ -69.885583551007983, 12.435439784257955 ], [ -69.885894476042324, 12.435439784257955 ], [ -69.885894476042324, 12.435680443371918 ], [ -69.885583551007983, 12.435680443371918 ] ] ] } },
{ "type": "Feature", "properties": { "PLOTID": "693", "ExtraInfo": "Aruba" }, "geometry": { "type": "Polygon", "coordinates": [ [ [ -69.978239211240222, 12.543036130443847 ], [ -69.978239211240222, 12.542795373981532 ], [ -69.978550136274563, 12.542795373981532 ], [ -69.978550136274563, 12.543036130443847 ], [ -69.978239211240222, 12.543036130443847 ] ] ] } },
{ "type": "Feature", "properties": { "PLOTID": "694", "ExtraInfo": "Aruba" }, "geometry": { "type": "Polygon", "coordinates": [ [ [ -69.883718000801963, 12.459988133564439 ], [ -69.883718000801963, 12.459747452487942 ], [ -69.884028925836304, 12.459747452487942 ], [ -69.884028925836304, 12.459988133564439 ], [ -69.883718000801963, 12.459988133564439 ] ] ] } },
{ "type": "Feature", "properties": { "PLOTID": "695", "ExtraInfo": "Aruba" }, "geometry": { "type": "Polygon", "coordinates": [ [ [ -69.979482911377573, 12.472985235093596 ], [ -69.979482911377573, 12.472744542254899 ], [ -69.979793836411901, 12.472744542254899 ], [ -69.979793836411901, 12.472985235093596 ], [ -69.979482911377573, 12.472985235093596 ] ] ] } },
{ "type": "Feature", "properties": { "PLOTID": "696", "ExtraInfo": "Aruba" }, "geometry": { "type": "Polygon", "coordinates": [ [ [ -69.939373581948175, 12.512461812981162 ], [ -69.939373581948175, 12.51222108433535 ], [ -69.939684506982516, 12.51222108433535 ], [ -69.939684506982516, 12.512461812981162 ], [ -69.939373581948175, 12.512461812981162 ] ] ] } },
{ "type": "Feature", "properties": { "PLOTID": "697", "ExtraInfo": "Aruba" }, "geometry": { "type": "Polygon", "coordinates": [ [ [ -70.037625892798474, 12.564464334573435 ], [ -70.037625892798474, 12.564223558571941 ], [ -70.037936817832801, 12.564223558571941 ], [ -70.037936817832801, 12.564464334573435 ], [ -70.037625892798474, 12.564464334573435 ] ] ] } },
{ "type": "Feature", "properties": { "PLOTID": "698", "ExtraInfo": "Aruba" }, "geometry": { "type": "Polygon", "coordinates": [ [ [ -69.914188654166935, 12.499222062140808 ], [ -69.914188654166935, 12.498981345517716 ], [ -69.914499579201262, 12.498981345517716 ], [ -69.914499579201262, 12.499222062140808 ], [ -69.914188654166935, 12.499222062140808 ] ] ] } },
{ "type": "Feature", "properties": { "PLOTID": "699", "ExtraInfo": "Aruba" }, "geometry": { "type": "Polygon", "coordinates": [ [ [ -69.901129802724796, 12.440493671272414 ], [ -69.901129802724796, 12.440253007813277 ], [ -69.901440727759137, 12.440253007813277 ], [ -69.901440727759137, 12.440493671272414 ], [ -69.901129802724796, 12.440493671272414 ] ] ] } },
{ "type": "Feature", "properties": { "PLOTID": "700", "ExtraInfo": "Aruba" }, "geometry": { "type": "Polygon", "coordinates": [ [ [ -70.033583867352107, 12.555074233306932 ], [ -70.033583867352107, 12.554833465872191 ], [ -70.033894792386434, 12.554833465872191 ], [ -70.033894792386434, 12.555074233306932 ], [ -70.033583867352107, 12.555074233306932 ] ] ] } },
{ "type": "Feature", "properties": { "PLOTID": "701", "ExtraInfo": "Aruba" }, "geometry": { "type": "Polygon", "coordinates": [ [ [ -69.927869355677728, 12.479002626906823 ], [ -69.927869355677728, 12.478761928617978 ], [ -69.92818028071207, 12.478761928617978 ], [ -69.92818028071207, 12.479002626906823 ], [ -69.927869355677728, 12.479002626906823 ] ] ] } },
{ "type": "Feature", "properties": { "PLOTID": "702", "ExtraInfo": "Aruba" }, "geometry": { "type": "Polygon", "coordinates": [ [ [ -69.889625576454364, 12.42412905083129 ], [ -69.889625576454364, 12.423888402138004 ], [ -69.889936501488691, 12.423888402138004 ], [ -69.889936501488691, 12.42412905083129 ], [ -69.889625576454364, 12.42412905083129 ] ] ] } },
{ "type": "Feature", "properties": { "PLOTID": "703", "ExtraInfo": "Aruba" }, "geometry": { "type": "Polygon", "coordinates": [ [ [ -70.036382192661137, 12.582523161323746 ], [ -70.036382192661137, 12.58228236882737 ], [ -70.036693117695449, 12.58228236882737 ], [ -70.036693117695449, 12.582523161323746 ], [ -70.036382192661137, 12.582523161323746 ] ] ] } },
{ "type": "Feature", "properties": { "PLOTID": "704", "ExtraInfo": "Aruba" }, "geometry": { "type": "Polygon", "coordinates": [ [ [ -70.034827567489444, 12.56133426369319 ], [ -70.034827567489444, 12.561093490548082 ], [ -70.035138492523785, 12.561093490548082 ], [ -70.035138492523785, 12.56133426369319 ], [ -70.034827567489444, 12.56133426369319 ] ] ] } },
{ "type": "Feature", "properties": { "PLOTID": "705", "ExtraInfo": "Aruba" }, "geometry": { "type": "Polygon", "coordinates": [ [ [ -69.90206257782782, 12.497537050366709 ], [ -69.90206257782782, 12.497296335272754 ], [ -69.902373502862147, 12.497296335272754 ], [ -69.902373502862147, 12.497537050366709 ], [ -69.90206257782782, 12.497537050366709 ] ] ] } },
{ "type": "Feature", "properties": { "PLOTID": "706", "ExtraInfo": "Aruba" }, "geometry": { "type": "Polygon", "coordinates": [ [ [ -69.98259216172093, 12.509813809906211 ], [ -69.98259216172093, 12.509573083666091 ], [ -69.982903086755272, 12.509573083666091 ], [ -69.982903086755272, 12.509813809906211 ], [ -69.98259216172093, 12.509813809906211 ] ] ] } },
{ "type": "Feature", "properties": { "PLOTID": "707", "ExtraInfo": "Aruba" }, "geometry": { "type": "Polygon", "coordinates": [ [ [ -69.898642402450122, 12.427257503591431 ], [ -69.898642402450122, 12.427016852076958 ], [ -69.898953327484449, 12.427016852076958 ], [ -69.898953327484449, 12.427257503591431 ], [ -69.898642402450122, 12.427257503591431 ] ] ] } },
{ "type": "Feature", "properties": { "PLOTID": "708", "ExtraInfo": "Aruba" }, "geometry": { "type": "Polygon", "coordinates": [ [ [ -70.008088014536526, 12.539424806536319 ], [ -70.008088014536526, 12.539184053363414 ], [ -70.008398939570853, 12.539184053363414 ], [ -70.008398939570853, 12.539424806536319 ], [ -70.008088014536526, 12.539424806536319 ] ] ] } },
{ "type": "Feature", "properties": { "PLOTID": "709", "ExtraInfo": "Aruba" }, "geometry": { "type": "Polygon", "coordinates": [ [ [ -69.98539048702996, 12.487427204433061 ], [ -69.98539048702996, 12.48718649850902 ], [ -69.985701412064287, 12.48718649850902 ], [ -69.985701412064287, 12.487427204433061 ], [ -69.98539048702996, 12.487427204433061 ] ] ] } },
{ "type": "Feature", "properties": { "PLOTID": "710", "ExtraInfo": "Aruba" }, "geometry": { "type": "Polygon", "coordinates": [ [ [ -69.999382113575095, 12.538943300409759 ], [ -69.999382113575095, 12.538702547675362 ], [ -69.999693038609436, 12.538702547675362 ], [ -69.999693038609436, 12.538943300409759 ], [ -69.999382113575095, 12.538943300409759 ] ] ] } },
{ "type": "Feature", "properties": { "PLOTID": "711", "ExtraInfo": "Aruba" }, "geometry": { "type": "Polygon", "coordinates": [ [ [ -70.048508269000237, 12.524017045291941 ], [ -70.048508269000237, 12.523776306141817 ], [ -70.048819194034593, 12.523776306141817 ], [ -70.048819194034593, 12.524017045291941 ], [ -70.048508269000237, 12.524017045291941 ] ] ] } },
{ "type": "Feature", "properties": { "PLOTID": "712", "ExtraInfo": "Aruba" }, "geometry": { "type": "Polygon", "coordinates": [ [ [ -69.989743437510683, 12.544721431821609 ], [ -69.989743437510683, 12.544480673823873 ], [ -69.99005436254501, 12.544480673823873 ], [ -69.99005436254501, 12.544721431821609 ], [ -69.989743437510683, 12.544721431821609 ] ] ] } },
{ "type": "Feature", "properties": { "PLOTID": "713", "ExtraInfo": "Aruba" }, "geometry": { "type": "Polygon", "coordinates": [ [ [ -70.019592240806958, 12.499703496042393 ], [ -70.019592240806958, 12.499462778982364 ], [ -70.019903165841299, 12.499462778982364 ], [ -70.019903165841299, 12.499703496042393 ], [ -70.019592240806958, 12.499703496042393 ] ] ] } },
{ "type": "Feature", "properties": { "PLOTID": "714", "ExtraInfo": "Aruba" }, "geometry": { "type": "Polygon", "coordinates": [ [ [ -69.959272784145696, 12.537258035872977 ], [ -69.959272784145696, 12.537017284673201 ], [ -69.959583709180052, 12.537017284673201 ], [ -69.959583709180052, 12.537258035872977 ], [ -69.959272784145696, 12.537258035872977 ] ] ] } },
{ "type": "Feature", "properties": { "PLOTID": "715", "ExtraInfo": "Aruba" }, "geometry": { "type": "Polygon", "coordinates": [ [ [ -69.900818877690469, 12.473948008627929 ], [ -69.900818877690469, 12.473707314917403 ], [ -69.901129802724796, 12.473707314917403 ], [ -69.901129802724796, 12.473948008627929 ], [ -69.900818877690469, 12.473948008627929 ] ] ] } },
{ "type": "Feature", "properties": { "PLOTID": "716", "ExtraInfo": "Aruba" }, "geometry": { "type": "Polygon", "coordinates": [ [ [ -69.922894555128366, 12.433033205064012 ], [ -69.922894555128366, 12.432792548339084 ], [ -69.923205480162679, 12.432792548339084 ], [ -69.923205480162679, 12.433033205064012 ], [ -69.922894555128366, 12.433033205064012 ] ] ] } },
{ "type": "Feature", "properties": { "PLOTID": "717", "ExtraInfo": "Aruba" }, "geometry": { "type": "Polygon", "coordinates": [ [ [ -69.967978685107127, 12.461191542212418 ], [ -69.967978685107127, 12.460950860047411 ], [ -69.968289610141468, 12.460950860047411 ], [ -69.968289610141468, 12.461191542212418 ], [ -69.967978685107127, 12.461191542212418 ] ] ] } },
{ "type": "Feature", "properties": { "PLOTID": "718", "ExtraInfo": "Aruba" }, "geometry": { "type": "Polygon", "coordinates": [ [ [ -69.997827488403416, 12.499462778982364 ], [ -69.997827488403416, 12.499222062140808 ], [ -69.998138413437744, 12.499222062140808 ], [ -69.998138413437744, 12.499462778982364 ], [ -69.997827488403416, 12.499462778982364 ] ] ] } },
{ "type": "Feature", "properties": { "PLOTID": "719", "ExtraInfo": "Aruba" }, "geometry": { "type": "Polygon", "coordinates": [ [ [ -69.911390328857905, 12.472503849634144 ], [ -69.911390328857905, 12.472263157231332 ], [ -69.911701253892232, 12.472263157231332 ], [ -69.911701253892232, 12.472503849634144 ], [ -69.911390328857905, 12.472503849634144 ] ] ] } },
{ "type": "Feature", "properties": { "PLOTID": "720", "ExtraInfo": "Aruba" }, "geometry": { "type": "Polygon", "coordinates": [ [ [ -69.878743200252572, 12.415225193652644 ], [ -69.878743200252572, 12.414984552984514 ], [ -69.879054125286928, 12.414984552984514 ], [ -69.879054125286928, 12.415225193652644 ], [ -69.878743200252572, 12.415225193652644 ] ] ] } },
{ "type": "Feature", "properties": { "PLOTID": "721", "ExtraInfo": "Aruba" }, "geometry": { "type": "Polygon", "coordinates": [ [ [ -69.883718000801963, 12.427979459437152 ], [ -69.883718000801963, 12.427738807271522 ], [ -69.884028925836304, 12.427738807271522 ], [ -69.884028925836304, 12.427979459437152 ], [ -69.883718000801963, 12.427979459437152 ] ] ] } },
{ "type": "Feature", "properties": { "PLOTID": "722", "ExtraInfo": "Aruba" }, "geometry": { "type": "Polygon", "coordinates": [ [ [ -70.049751969137589, 12.59384065702312 ], [ -70.049751969137589, 12.593599854176292 ], [ -70.05006289417193, 12.593599854176292 ], [ -70.05006289417193, 12.59384065702312 ], [ -70.049751969137589, 12.59384065702312 ] ] ] } },
{ "type": "Feature", "properties": { "PLOTID": "723", "ExtraInfo": "Aruba" }, "geometry": { "type": "Polygon", "coordinates": [ [ [ -69.940928207119853, 12.45806269104745 ], [ -69.940928207119853, 12.457822011712324 ], [ -69.941239132154195, 12.457822011712324 ], [ -69.941239132154195, 12.45806269104745 ], [ -69.940928207119853, 12.45806269104745 ] ] ] } },
{ "type": "Feature", "properties": { "PLOTID": "724", "ExtraInfo": "Aruba" }, "geometry": { "type": "Polygon", "coordinates": [ [ [ -69.987256037235994, 12.544239916045495 ], [ -69.987256037235994, 12.543999158486473 ], [ -69.987566962270307, 12.543999158486473 ], [ -69.987566962270307, 12.544239916045495 ], [ -69.987256037235994, 12.544239916045495 ] ] ] } },
{ "type": "Feature", "properties": { "PLOTID": "725", "ExtraInfo": "Aruba" }, "geometry": { "type": "Polygon", "coordinates": [ [ [ -69.898331477415766, 12.46359837583771 ], [ -69.898331477415766, 12.46335769149532 ], [ -69.898642402450122, 12.46335769149532 ], [ -69.898642402450122, 12.46359837583771 ], [ -69.898331477415766, 12.46359837583771 ] ] ] } },
{ "type": "Feature", "properties": { "PLOTID": "726", "ExtraInfo": "Aruba" }, "geometry": { "type": "Polygon", "coordinates": [ [ [ -69.965802209866766, 12.4648018008162 ], [ -69.965802209866766, 12.464561115384946 ], [ -69.966113134901107, 12.464561115384946 ], [ -69.966113134901107, 12.4648018008162 ], [ -69.965802209866766, 12.4648018008162 ] ] ] } },
{ "type": "Feature", "properties": { "PLOTID": "727", "ExtraInfo": "Aruba" }, "geometry": { "type": "Polygon", "coordinates": [ [ [ -69.920407154853663, 12.454933876666137 ], [ -69.920407154853663, 12.454693200160095 ], [ -69.92071807988799, 12.454693200160095 ], [ -69.92071807988799, 12.454933876666137 ], [ -69.920407154853663, 12.454933876666137 ] ] ] } },
{ "type": "Feature", "properties": { "PLOTID": "728", "ExtraInfo": "Aruba" }, "geometry": { "type": "Polygon", "coordinates": [ [ [ -70.023323341218997, 12.5437584011468 ], [ -70.023323341218997, 12.543517644026476 ], [ -70.023634266253325, 12.543517644026476 ], [ -70.023634266253325, 12.5437584011468 ], [ -70.023323341218997, 12.5437584011468 ] ] ] } },
{ "type": "Feature", "properties": { "PLOTID": "729", "ExtraInfo": "Aruba" }, "geometry": { "type": "Polygon", "coordinates": [ [ [ -69.977306436137212, 12.479002626906823 ], [ -69.977306436137212, 12.478761928617978 ], [ -69.977617361171554, 12.478761928617978 ], [ -69.977617361171554, 12.479002626906823 ], [ -69.977306436137212, 12.479002626906823 ] ] ] } },
{ "type": "Feature", "properties": { "PLOTID": "730", "ExtraInfo": "Aruba" }, "geometry": { "type": "Polygon", "coordinates": [ [ [ -69.979793836411901, 12.537258035872977 ], [ -69.979793836411901, 12.537017284673201 ], [ -69.980104761446242, 12.537017284673201 ], [ -69.980104761446242, 12.537258035872977 ], [ -69.979793836411901, 12.537258035872977 ] ] ] } },
{ "type": "Feature", "properties": { "PLOTID": "731", "ExtraInfo": "Aruba" }, "geometry": { "type": "Polygon", "coordinates": [ [ [ -69.956785383871008, 12.530276340062622 ], [ -69.956785383871008, 12.53003559521809 ], [ -69.957096308905349, 12.53003559521809 ], [ -69.957096308905349, 12.530276340062622 ], [ -69.956785383871008, 12.530276340062622 ] ] ] } },
{ "type": "Feature", "properties": { "PLOTID": "732", "ExtraInfo": "Aruba" }, "geometry": { "type": "Polygon", "coordinates": [ [ [ -69.919474379750639, 12.477317743464045 ], [ -69.919474379750639, 12.477077046701536 ], [ -69.919785304784995, 12.477077046701536 ], [ -69.919785304784995, 12.477317743464045 ], [ -69.919474379750639, 12.477317743464045 ] ] ] } },
{ "type": "Feature", "properties": { "PLOTID": "733", "ExtraInfo": "Aruba" }, "geometry": { "type": "Polygon", "coordinates": [ [ [ -69.881852450595943, 12.451323751920055 ], [ -69.881852450595943, 12.451083078677335 ], [ -69.88216337563027, 12.451083078677335 ], [ -69.88216337563027, 12.451323751920055 ], [ -69.881852450595943, 12.451323751920055 ] ] ] } },
{ "type": "Feature", "properties": { "PLOTID": "734", "ExtraInfo": "Aruba" }, "geometry": { "type": "Polygon", "coordinates": [ [ [ -70.034827567489444, 12.61069740411026 ], [ -70.034827567489444, 12.61045658582835 ], [ -70.035138492523785, 12.61045658582835 ], [ -70.035138492523785, 12.61069740411026 ], [ -70.034827567489444, 12.61069740411026 ] ] ] } },
{ "type": "Feature", "properties": { "PLOTID": "735", "ExtraInfo": "Aruba" }, "geometry": { "type": "Polygon", "coordinates": [ [ [ -70.01430651522324, 12.553148099976553 ], [ -70.01430651522324, 12.552907334298197 ], [ -70.014617440257595, 12.552907334298197 ], [ -70.014617440257595, 12.553148099976553 ], [ -70.01430651522324, 12.553148099976553 ] ] ] } },
{ "type": "Feature", "properties": { "PLOTID": "736", "ExtraInfo": "Aruba" }, "geometry": { "type": "Polygon", "coordinates": [ [ [ -69.871902849497175, 12.440493671272414 ], [ -69.871902849497175, 12.440253007813277 ], [ -69.872213774531517, 12.440253007813277 ], [ -69.872213774531517, 12.440493671272414 ], [ -69.871902849497175, 12.440493671272414 ] ] ] } },
{ "type": "Feature", "properties": { "PLOTID": "737", "ExtraInfo": "Aruba" }, "geometry": { "type": "Polygon", "coordinates": [ [ [ -69.926003805471709, 12.471781773079501 ], [ -69.926003805471709, 12.471541081330479 ], [ -69.92631473050605, 12.471541081330479 ], [ -69.92631473050605, 12.471781773079501 ], [ -69.926003805471709, 12.471781773079501 ] ] ] } },
{ "type": "Feature", "properties": { "PLOTID": "738", "ExtraInfo": "Aruba" }, "geometry": { "type": "Polygon", "coordinates": [ [ [ -69.998138413437744, 12.536535782931285 ], [ -69.998138413437744, 12.536295032389136 ], [ -69.998449338472099, 12.536295032389136 ], [ -69.998449338472099, 12.536535782931285 ], [ -69.998138413437744, 12.536535782931285 ] ] ] } },
{ "type": "Feature", "properties": { "PLOTID": "739", "ExtraInfo": "Aruba" }, "geometry": { "type": "Polygon", "coordinates": [ [ [ -69.893667601900731, 12.439290356149703 ], [ -69.893667601900731, 12.439049693777033 ], [ -69.893978526935058, 12.439049693777033 ], [ -69.893978526935058, 12.439290356149703 ], [ -69.893667601900731, 12.439290356149703 ] ] ] } },
{ "type": "Feature", "properties": { "PLOTID": "740", "ExtraInfo": "Aruba" }, "geometry": { "type": "Polygon", "coordinates": [ [ [ -70.017726690600938, 12.59769353254141 ], [ -70.017726690600938, 12.597452726168623 ], [ -70.018037615635279, 12.597452726168623 ], [ -70.018037615635279, 12.59769353254141 ], [ -70.017726690600938, 12.59769353254141 ] ] ] } },
{ "type": "Feature", "properties": { "PLOTID": "741", "ExtraInfo": "Aruba" }, "geometry": { "type": "Polygon", "coordinates": [ [ [ -70.05286121948096, 12.616236285508865 ], [ -70.05286121948096, 12.615995462150332 ], [ -70.053172144515301, 12.615995462150332 ], [ -70.053172144515301, 12.616236285508865 ], [ -70.05286121948096, 12.616236285508865 ] ] ] } },
{ "type": "Feature", "properties": { "PLOTID": "742", "ExtraInfo": "Aruba" }, "geometry": { "type": "Polygon", "coordinates": [ [ [ -69.895533152106751, 12.471541081330479 ], [ -69.895533152106751, 12.471300389799374 ], [ -69.895844077141078, 12.471300389799374 ], [ -69.895844077141078, 12.471541081330479 ], [ -69.895533152106751, 12.471541081330479 ] ] ] } },
{ "type": "Feature", "properties": { "PLOTID": "743", "ExtraInfo": "Aruba" }, "geometry": { "type": "Polygon", "coordinates": [ [ [ -70.016172065429259, 12.594081460090287 ], [ -70.016172065429259, 12.59384065702312 ], [ -70.016482990463615, 12.59384065702312 ], [ -70.016482990463615, 12.594081460090287 ], [ -70.016172065429259, 12.594081460090287 ] ] ] } },
{ "type": "Feature", "properties": { "PLOTID": "744", "ExtraInfo": "Aruba" }, "geometry": { "type": "Polygon", "coordinates": [ [ [ -70.010886339845555, 12.516313501064417 ], [ -70.010886339845555, 12.516072768918386 ], [ -70.011197264879868, 12.516072768918386 ], [ -70.011197264879868, 12.516313501064417 ], [ -70.010886339845555, 12.516313501064417 ] ] ] } },
{ "type": "Feature", "properties": { "PLOTID": "745", "ExtraInfo": "Aruba" }, "geometry": { "type": "Polygon", "coordinates": [ [ [ -69.922272705059683, 12.504036440486935 ], [ -69.922272705059683, 12.50379571949361 ], [ -69.92258363009401, 12.50379571949361 ], [ -69.92258363009401, 12.504036440486935 ], [ -69.922272705059683, 12.504036440486935 ] ] ] } },
{ "type": "Feature", "properties": { "PLOTID": "746", "ExtraInfo": "Aruba" }, "geometry": { "type": "Polygon", "coordinates": [ [ [ -70.02394519128768, 12.597452726168623 ], [ -70.02394519128768, 12.597211920016242 ], [ -70.024256116321993, 12.597211920016242 ], [ -70.024256116321993, 12.597452726168623 ], [ -70.02394519128768, 12.597452726168623 ] ] ] } },
{ "type": "Feature", "properties": { "PLOTID": "747", "ExtraInfo": "Aruba" }, "geometry": { "type": "Polygon", "coordinates": [ [ [ -69.952121508355972, 12.534609784731385 ], [ -69.952121508355972, 12.53436903594269 ], [ -69.9524324333903, 12.53436903594269 ], [ -69.9524324333903, 12.534609784731385 ], [ -69.952121508355972, 12.534609784731385 ] ] ] } },
{ "type": "Feature", "properties": { "PLOTID": "748", "ExtraInfo": "Aruba" }, "geometry": { "type": "Polygon", "coordinates": [ [ [ -69.933155081261447, 12.448435687362517 ], [ -69.933155081261447, 12.44819501672969 ], [ -69.933466006295788, 12.44819501672969 ], [ -69.933466006295788, 12.448435687362517 ], [ -69.933155081261447, 12.448435687362517 ] ] ] } },
{ "type": "Feature", "properties": { "PLOTID": "749", "ExtraInfo": "Aruba" }, "geometry": { "type": "Polygon", "coordinates": [ [ [ -69.908281078514534, 12.479965422242941 ], [ -69.908281078514534, 12.479724723081793 ], [ -69.90859200354889, 12.479724723081793 ], [ -69.90859200354889, 12.479965422242941 ], [ -69.908281078514534, 12.479965422242941 ] ] ] } },
{ "type": "Feature", "properties": { "PLOTID": "750", "ExtraInfo": "Aruba" }, "geometry": { "type": "Polygon", "coordinates": [ [ [ -70.027365366665364, 12.504277161698827 ], [ -70.027365366665364, 12.504036440486935 ], [ -70.02767629169972, 12.504036440486935 ], [ -70.02767629169972, 12.504277161698827 ], [ -70.027365366665364, 12.504277161698827 ] ] ] } },
{ "type": "Feature", "properties": { "PLOTID": "751", "ExtraInfo": "Aruba" }, "geometry": { "type": "Polygon", "coordinates": [ [ [ -69.946213932703571, 12.525702225473825 ], [ -69.946213932703571, 12.525461484790911 ], [ -69.946524857737927, 12.525461484790911 ], [ -69.946524857737927, 12.525702225473825 ], [ -69.946213932703571, 12.525702225473825 ] ] ] } },
{ "type": "Feature", "properties": { "PLOTID": "752", "ExtraInfo": "Aruba" }, "geometry": { "type": "Polygon", "coordinates": [ [ [ -69.92071807988799, 12.461191542212418 ], [ -69.92071807988799, 12.460950860047411 ], [ -69.921029004922346, 12.460950860047411 ], [ -69.921029004922346, 12.461191542212418 ], [ -69.92071807988799, 12.461191542212418 ] ] ] } },
{ "type": "Feature", "properties": { "PLOTID": "753", "ExtraInfo": "Aruba" }, "geometry": { "type": "Polygon", "coordinates": [ [ [ -69.956785383871008, 12.50379571949361 ], [ -69.956785383871008, 12.503554998718839 ], [ -69.957096308905349, 12.503554998718839 ], [ -69.957096308905349, 12.50379571949361 ], [ -69.956785383871008, 12.50379571949361 ] ] ] } },
{ "type": "Feature", "properties": { "PLOTID": "754", "ExtraInfo": "Aruba" }, "geometry": { "type": "Polygon", "coordinates": [ [ [ -69.984457711926964, 12.520405981027869 ], [ -69.984457711926964, 12.52016524516152 ], [ -69.984768636961292, 12.52016524516152 ], [ -69.984768636961292, 12.520405981027869 ], [ -69.984457711926964, 12.520405981027869 ] ] ] } },
{ "type": "Feature", "properties": { "PLOTID": "755", "ExtraInfo": "Aruba" }, "geometry": { "type": "Polygon", "coordinates": [ [ [ -69.896465927209746, 12.423647753661704 ], [ -69.896465927209746, 12.423407105402381 ], [ -69.896776852244102, 12.423407105402381 ], [ -69.896776852244102, 12.423647753661704 ], [ -69.896465927209746, 12.423647753661704 ] ] ] } },
{ "type": "Feature", "properties": { "PLOTID": "756", "ExtraInfo": "Aruba" }, "geometry": { "type": "Polygon", "coordinates": [ [ [ -69.888381876317013, 12.429182723521331 ], [ -69.888381876317013, 12.42894207027034 ], [ -69.88869280135134, 12.42894207027034 ], [ -69.88869280135134, 12.429182723521331 ], [ -69.888381876317013, 12.429182723521331 ] ] ] } },
{ "type": "Feature", "properties": { "PLOTID": "757", "ExtraInfo": "Aruba" }, "geometry": { "type": "Polygon", "coordinates": [ [ [ -70.052550294446633, 12.534850533739245 ], [ -70.052550294446633, 12.534609784731385 ], [ -70.05286121948096, 12.534609784731385 ], [ -70.05286121948096, 12.534850533739245 ], [ -70.052550294446633, 12.534850533739245 ] ] ] } },
{ "type": "Feature", "properties": { "PLOTID": "758", "ExtraInfo": "Aruba" }, "geometry": { "type": "Polygon", "coordinates": [ [ [ -69.945281157600576, 12.505721493560213 ], [ -69.945281157600576, 12.505480771036858 ], [ -69.945592082634889, 12.505480771036858 ], [ -69.945592082634889, 12.505721493560213 ], [ -69.945281157600576, 12.505721493560213 ] ] ] } },
{ "type": "Feature", "properties": { "PLOTID": "759", "ExtraInfo": "Aruba" }, "geometry": { "type": "Polygon", "coordinates": [ [ [ -69.888070951282671, 12.453730496311742 ], [ -69.888070951282671, 12.453489820893589 ], [ -69.888381876317013, 12.453489820893589 ], [ -69.888381876317013, 12.453730496311742 ], [ -69.888070951282671, 12.453730496311742 ] ] ] } },
{ "type": "Feature", "properties": { "PLOTID": "760", "ExtraInfo": "Aruba" }, "geometry": { "type": "Polygon", "coordinates": [ [ [ -69.88682725114532, 12.439531018739657 ], [ -69.88682725114532, 12.439290356149703 ], [ -69.887138176179661, 12.439290356149703 ], [ -69.887138176179661, 12.439531018739657 ], [ -69.88682725114532, 12.439531018739657 ] ] ] } },
{ "type": "Feature", "properties": { "PLOTID": "761", "ExtraInfo": "Aruba" }, "geometry": { "type": "Polygon", "coordinates": [ [ [ -69.908281078514534, 12.4804468212195 ], [ -69.908281078514534, 12.480206121622174 ], [ -69.90859200354889, 12.480206121622174 ], [ -69.90859200354889, 12.4804468212195 ], [ -69.908281078514534, 12.4804468212195 ] ] ] } },
{ "type": "Feature", "properties": { "PLOTID": "762", "ExtraInfo": "Aruba" }, "geometry": { "type": "Polygon", "coordinates": [ [ [ -69.908902928583203, 12.462635639774691 ], [ -69.908902928583203, 12.462394956303312 ], [ -69.909213853617558, 12.462394956303312 ], [ -69.909213853617558, 12.462635639774691 ], [ -69.908902928583203, 12.462635639774691 ] ] ] } },
{ "type": "Feature", "properties": { "PLOTID": "763", "ExtraInfo": "Aruba" }, "geometry": { "type": "Polygon", "coordinates": [ [ [ -70.0472645688629, 12.566390550497001 ], [ -70.0472645688629, 12.566149772737328 ], [ -70.047575493897241, 12.566149772737328 ], [ -70.047575493897241, 12.566390550497001 ], [ -70.0472645688629, 12.566390550497001 ] ] ] } },
{ "type": "Feature", "properties": { "PLOTID": "764", "ExtraInfo": "Aruba" }, "geometry": { "type": "Polygon", "coordinates": [ [ [ -69.99285268785404, 12.511739627699887 ], [ -69.99285268785404, 12.511498899710228 ], [ -69.993163612888367, 12.511498899710228 ], [ -69.993163612888367, 12.511739627699887 ], [ -69.99285268785404, 12.511739627699887 ] ] ] } },
{ "type": "Feature", "properties": { "PLOTID": "765", "ExtraInfo": "Aruba" }, "geometry": { "type": "Polygon", "coordinates": [ [ [ -69.909213853617558, 12.438809031621645 ], [ -69.909213853617558, 12.43856836968353 ], [ -69.909524778651885, 12.43856836968353 ], [ -69.909524778651885, 12.438809031621645 ], [ -69.909213853617558, 12.438809031621645 ] ] ] } },
{ "type": "Feature", "properties": { "PLOTID": "766", "ExtraInfo": "Aruba" }, "geometry": { "type": "Polygon", "coordinates": [ [ [ -69.935020631467467, 12.471300389799374 ], [ -69.935020631467467, 12.471059698486187 ], [ -69.935331556501808, 12.471059698486187 ], [ -69.935331556501808, 12.471300389799374 ], [ -69.935020631467467, 12.471300389799374 ] ] ] } },
{ "type": "Feature", "properties": { "PLOTID": "767", "ExtraInfo": "Aruba" }, "geometry": { "type": "Polygon", "coordinates": [ [ [ -69.990676212613678, 12.488630737326881 ], [ -69.990676212613678, 12.488390030311622 ], [ -69.990987137648034, 12.488390030311622 ], [ -69.990987137648034, 12.488630737326881 ], [ -69.990676212613678, 12.488630737326881 ] ] ] } },
{ "type": "Feature", "properties": { "PLOTID": "768", "ExtraInfo": "Aruba" }, "geometry": { "type": "Polygon", "coordinates": [ [ [ -69.90859200354889, 12.476836350157061 ], [ -69.90859200354889, 12.476595653830607 ], [ -69.908902928583203, 12.476595653830607 ], [ -69.908902928583203, 12.476836350157061 ], [ -69.90859200354889, 12.476836350157061 ] ] ] } },
{ "type": "Feature", "properties": { "PLOTID": "769", "ExtraInfo": "Aruba" }, "geometry": { "type": "Polygon", "coordinates": [ [ [ -69.951810583321631, 12.507647281616899 ], [ -69.951810583321631, 12.50740655734465 ], [ -69.952121508355972, 12.50740655734465 ], [ -69.952121508355972, 12.507647281616899 ], [ -69.951810583321631, 12.507647281616899 ] ] ] } },
{ "type": "Feature", "properties": { "PLOTID": "770", "ExtraInfo": "Aruba" }, "geometry": { "type": "Polygon", "coordinates": [ [ [ -69.904239053068167, 12.464561115384946 ], [ -69.904239053068167, 12.464320430171476 ], [ -69.904549978102509, 12.464320430171476 ], [ -69.904549978102509, 12.464561115384946 ], [ -69.904239053068167, 12.464561115384946 ] ] ] } },
{ "type": "Feature", "properties": { "PLOTID": "771", "ExtraInfo": "Aruba" }, "geometry": { "type": "Polygon", "coordinates": [ [ [ -69.933466006295788, 12.477317743464045 ], [ -69.933466006295788, 12.477077046701536 ], [ -69.933776931330115, 12.477077046701536 ], [ -69.933776931330115, 12.477317743464045 ], [ -69.933466006295788, 12.477317743464045 ] ] ] } },
{ "type": "Feature", "properties": { "PLOTID": "772", "ExtraInfo": "Aruba" }, "geometry": { "type": "Polygon", "coordinates": [ [ [ -70.003113213987135, 12.548092066825467 ], [ -70.003113213987135, 12.547851305756181 ], [ -70.00342413902149, 12.547851305756181 ], [ -70.00342413902149, 12.548092066825467 ], [ -70.003113213987135, 12.548092066825467 ] ] ] } },
{ "type": "Feature", "properties": { "PLOTID": "773", "ExtraInfo": "Aruba" }, "geometry": { "type": "Polygon", "coordinates": [ [ [ -69.967978685107127, 12.53075783040892 ], [ -69.967978685107127, 12.530517085126228 ], [ -69.968289610141468, 12.530517085126228 ], [ -69.968289610141468, 12.53075783040892 ], [ -69.967978685107127, 12.53075783040892 ] ] ] } },
{ "type": "Feature", "properties": { "PLOTID": "774", "ExtraInfo": "Aruba" }, "geometry": { "type": "Polygon", "coordinates": [ [ [ -70.033272942317765, 12.550258926324037 ], [ -70.033272942317765, 12.550018163279697 ], [ -70.033583867352107, 12.550018163279697 ], [ -70.033583867352107, 12.550258926324037 ], [ -70.033272942317765, 12.550258926324037 ] ] ] } },
{ "type": "Feature", "properties": { "PLOTID": "775", "ExtraInfo": "Aruba" }, "geometry": { "type": "Polygon", "coordinates": [ [ [ -69.876566725012225, 12.454693200160095 ], [ -69.876566725012225, 12.454452523871636 ], [ -69.876877650046552, 12.454452523871636 ], [ -69.876877650046552, 12.454693200160095 ], [ -69.876566725012225, 12.454693200160095 ] ] ] } },
{ "type": "Feature", "properties": { "PLOTID": "776", "ExtraInfo": "Aruba" }, "geometry": { "type": "Polygon", "coordinates": [ [ [ -69.962071109454726, 12.532443053522535 ], [ -69.962071109454726, 12.532202306706116 ], [ -69.962382034489067, 12.532202306706116 ], [ -69.962382034489067, 12.532443053522535 ], [ -69.962071109454726, 12.532443053522535 ] ] ] } },
{ "type": "Feature", "properties": { "PLOTID": "777", "ExtraInfo": "Aruba" }, "geometry": { "type": "Polygon", "coordinates": [ [ [ -70.015550215360591, 12.541832350325498 ], [ -70.015550215360591, 12.541591594959771 ], [ -70.015861140394932, 12.541591594959771 ], [ -70.015861140394932, 12.541832350325498 ], [ -70.015550215360591, 12.541832350325498 ] ] ] } },
{ "type": "Feature", "properties": { "PLOTID": "778", "ExtraInfo": "Aruba" }, "geometry": { "type": "Polygon", "coordinates": [ [ [ -69.98072661151491, 12.503314278162625 ], [ -69.98072661151491, 12.503073557824951 ], [ -69.981037536549252, 12.503073557824951 ], [ -69.981037536549252, 12.503314278162625 ], [ -69.98072661151491, 12.503314278162625 ] ] ] } },
{ "type": "Feature", "properties": { "PLOTID": "779", "ExtraInfo": "Aruba" }, "geometry": { "type": "Polygon", "coordinates": [ [ [ -70.005600614261823, 12.555074233306932 ], [ -70.005600614261823, 12.554833465872191 ], [ -70.005911539296164, 12.554833465872191 ], [ -70.005911539296164, 12.555074233306932 ], [ -70.005600614261823, 12.555074233306932 ] ] ] } },
{ "type": "Feature", "properties": { "PLOTID": "780", "ExtraInfo": "Aruba" }, "geometry": { "type": "Polygon", "coordinates": [ [ [ -69.997516563369089, 12.511017444387036 ], [ -69.997516563369089, 12.510776717053492 ], [ -69.997827488403416, 12.510776717053492 ], [ -69.997827488403416, 12.511017444387036 ], [ -69.997516563369089, 12.511017444387036 ] ] ] } },
{ "type": "Feature", "properties": { "PLOTID": "781", "ExtraInfo": "Aruba" }, "geometry": { "type": "Polygon", "coordinates": [ [ [ -69.966113134901107, 12.461913590013769 ], [ -69.966113134901107, 12.461672907195593 ], [ -69.966424059935449, 12.461672907195593 ], [ -69.966424059935449, 12.461913590013769 ], [ -69.966113134901107, 12.461913590013769 ] ] ] } },
{ "type": "Feature", "properties": { "PLOTID": "782", "ExtraInfo": "Aruba" }, "geometry": { "type": "Polygon", "coordinates": [ [ [ -69.976373661034202, 12.46744935493504 ], [ -69.976373661034202, 12.46720866710786 ], [ -69.976684586068544, 12.46720866710786 ], [ -69.976684586068544, 12.46744935493504 ], [ -69.976373661034202, 12.46744935493504 ] ] ] } },
{ "type": "Feature", "properties": { "PLOTID": "783", "ExtraInfo": "Aruba" }, "geometry": { "type": "Polygon", "coordinates": [ [ [ -69.939373581948175, 12.448435687362517 ], [ -69.939373581948175, 12.44819501672969 ], [ -69.939684506982516, 12.44819501672969 ], [ -69.939684506982516, 12.448435687362517 ], [ -69.939373581948175, 12.448435687362517 ] ] ] } },
{ "type": "Feature", "properties": { "PLOTID": "784", "ExtraInfo": "Aruba" }, "geometry": { "type": "Polygon", "coordinates": [ [ [ -69.897709627347098, 12.435680443371918 ], [ -69.897709627347098, 12.435439784257955 ], [ -69.898020552381439, 12.435439784257955 ], [ -69.898020552381439, 12.435680443371918 ], [ -69.897709627347098, 12.435680443371918 ] ] ] } },
{ "type": "Feature", "properties": { "PLOTID": "785", "ExtraInfo": "Aruba" }, "geometry": { "type": "Polygon", "coordinates": [ [ [ -69.928491205746411, 12.501147802990731 ], [ -69.928491205746411, 12.500907084619774 ], [ -69.928802130780738, 12.500907084619774 ], [ -69.928802130780738, 12.501147802990731 ], [ -69.928491205746411, 12.501147802990731 ] ] ] } },
{ "type": "Feature", "properties": { "PLOTID": "786", "ExtraInfo": "Aruba" }, "geometry": { "type": "Polygon", "coordinates": [ [ [ -69.879054125286928, 12.448917029280565 ], [ -69.879054125286928, 12.448676358212806 ], [ -69.87936505032124, 12.448676358212806 ], [ -69.87936505032124, 12.448917029280565 ], [ -69.879054125286928, 12.448917029280565 ] ] ] } },
{ "type": "Feature", "properties": { "PLOTID": "787", "ExtraInfo": "Aruba" }, "geometry": { "type": "Polygon", "coordinates": [ [ [ -69.92911305581508, 12.477317743464045 ], [ -69.92911305581508, 12.477077046701536 ], [ -69.929423980849421, 12.477077046701536 ], [ -69.929423980849421, 12.477317743464045 ], [ -69.92911305581508, 12.477317743464045 ] ] ] } },
{ "type": "Feature", "properties": { "PLOTID": "788", "ExtraInfo": "Aruba" }, "geometry": { "type": "Polygon", "coordinates": [ [ [ -70.029541841905726, 12.543999158486473 ], [ -70.029541841905726, 12.5437584011468 ], [ -70.029852766940067, 12.5437584011468 ], [ -70.029852766940067, 12.543999158486473 ], [ -70.029541841905726, 12.543999158486473 ] ] ] } },
{ "type": "Feature", "properties": { "PLOTID": "789", "ExtraInfo": "Aruba" }, "geometry": { "type": "Polygon", "coordinates": [ [ [ -69.995029163094387, 12.483094531185472 ], [ -69.995029163094387, 12.482853829188828 ], [ -69.995340088128728, 12.482853829188828 ], [ -69.995340088128728, 12.483094531185472 ], [ -69.995029163094387, 12.483094531185472 ] ] ] } },
{ "type": "Feature", "properties": { "PLOTID": "790", "ExtraInfo": "Aruba" }, "geometry": { "type": "Polygon", "coordinates": [ [ [ -69.935331556501808, 12.440974998842627 ], [ -69.935331556501808, 12.440734334948864 ], [ -69.935642481536135, 12.440734334948864 ], [ -69.935642481536135, 12.440974998842627 ], [ -69.935331556501808, 12.440974998842627 ] ] ] } },
{ "type": "Feature", "properties": { "PLOTID": "791", "ExtraInfo": "Aruba" }, "geometry": { "type": "Polygon", "coordinates": [ [ [ -69.926003805471709, 12.509091631841864 ], [ -69.926003805471709, 12.508850906257742 ], [ -69.92631473050605, 12.508850906257742 ], [ -69.92631473050605, 12.509091631841864 ], [ -69.926003805471709, 12.509091631841864 ] ] ] } },
{ "type": "Feature", "properties": { "PLOTID": "792", "ExtraInfo": "Aruba" }, "geometry": { "type": "Polygon", "coordinates": [ [ [ -69.974197185793855, 12.497296335272754 ], [ -69.974197185793855, 12.497055620397225 ], [ -69.974508110828182, 12.497055620397225 ], [ -69.974508110828182, 12.497296335272754 ], [ -69.974197185793855, 12.497296335272754 ] ] ] } },
{ "type": "Feature", "properties": { "PLOTID": "793", "ExtraInfo": "Aruba" }, "geometry": { "type": "Polygon", "coordinates": [ [ [ -70.049441044103261, 12.530276340062622 ], [ -70.049441044103261, 12.53003559521809 ], [ -70.049751969137589, 12.53003559521809 ], [ -70.049751969137589, 12.530276340062622 ], [ -70.049441044103261, 12.530276340062622 ] ] ] } },
{ "type": "Feature", "properties": { "PLOTID": "794", "ExtraInfo": "Aruba" }, "geometry": { "type": "Polygon", "coordinates": [ [ [ -70.031407392111745, 12.56061194491693 ], [ -70.031407392111745, 12.560371172430877 ], [ -70.031718317146087, 12.560371172430877 ], [ -70.031718317146087, 12.56061194491693 ], [ -70.031407392111745, 12.56061194491693 ] ] ] } },
{ "type": "Feature", "properties": { "PLOTID": "795", "ExtraInfo": "Aruba" }, "geometry": { "type": "Polygon", "coordinates": [ [ [ -69.935953406570491, 12.487427204433061 ], [ -69.935953406570491, 12.48718649850902 ], [ -69.936264331604804, 12.48718649850902 ], [ -69.936264331604804, 12.487427204433061 ], [ -69.935953406570491, 12.487427204433061 ] ] ] } },
{ "type": "Feature", "properties": { "PLOTID": "796", "ExtraInfo": "Aruba" }, "geometry": { "type": "Polygon", "coordinates": [ [ [ -70.005289689227482, 12.51222108433535 ], [ -70.005289689227482, 12.511980355908261 ], [ -70.005600614261823, 12.511980355908261 ], [ -70.005600614261823, 12.51222108433535 ], [ -70.005289689227482, 12.51222108433535 ] ] ] } },
{ "type": "Feature", "properties": { "PLOTID": "797", "ExtraInfo": "Aruba" }, "geometry": { "type": "Polygon", "coordinates": [ [ [ -70.048508269000237, 12.604677013251246 ], [ -70.048508269000237, 12.604436200484548 ], [ -70.048819194034593, 12.604436200484548 ], [ -70.048819194034593, 12.604677013251246 ], [ -70.048508269000237, 12.604677013251246 ] ] ] } },
{ "type": "Feature", "properties": { "PLOTID": "798", "ExtraInfo": "Aruba" }, "geometry": { "type": "Polygon", "coordinates": [ [ [ -70.043844393485202, 12.544721431821609 ], [ -70.043844393485202, 12.544480673823873 ], [ -70.044155318519529, 12.544480673823873 ], [ -70.044155318519529, 12.544721431821609 ], [ -70.043844393485202, 12.544721431821609 ] ] ] } },
{ "type": "Feature", "properties": { "PLOTID": "799", "ExtraInfo": "Aruba" }, "geometry": { "type": "Polygon", "coordinates": [ [ [ -69.995961938197397, 12.508128730817303 ], [ -69.995961938197397, 12.507888006107784 ], [ -69.996272863231738, 12.507888006107784 ], [ -69.996272863231738, 12.508128730817303 ], [ -69.995961938197397, 12.508128730817303 ] ] ] } },
{ "type": "Feature", "properties": { "PLOTID": "800", "ExtraInfo": "Aruba" }, "geometry": { "type": "Polygon", "coordinates": [ [ [ -70.032029242180414, 12.56061194491693 ], [ -70.032029242180414, 12.560371172430877 ], [ -70.032340167214755, 12.560371172430877 ], [ -70.032340167214755, 12.56061194491693 ], [ -70.032029242180414, 12.56061194491693 ] ] ] } },
{ "type": "Feature", "properties": { "PLOTID": "801", "ExtraInfo": "Aruba" }, "geometry": { "type": "Polygon", "coordinates": [ [ [ -69.970466085381815, 12.47081900739091 ], [ -69.970466085381815, 12.470578316513539 ], [ -69.970777010416157, 12.470578316513539 ], [ -69.970777010416157, 12.47081900739091 ], [ -69.970466085381815, 12.47081900739091 ] ] ] } },
{ "type": "Feature", "properties": { "PLOTID": "802", "ExtraInfo": "Aruba" }, "geometry": { "type": "Polygon", "coordinates": [ [ [ -69.939995432016843, 12.494407771181343 ], [ -69.939995432016843, 12.494167058926593 ], [ -69.940306357051185, 12.494167058926593 ], [ -69.940306357051185, 12.494407771181343 ], [ -69.939995432016843, 12.494407771181343 ] ] ] } },
{ "type": "Feature", "properties": { "PLOTID": "803", "ExtraInfo": "Aruba" }, "geometry": { "type": "Polygon", "coordinates": [ [ [ -70.008088014536526, 12.509573083666091 ], [ -70.008088014536526, 12.509332357644643 ], [ -70.008398939570853, 12.509332357644643 ], [ -70.008398939570853, 12.509573083666091 ], [ -70.008088014536526, 12.509573083666091 ] ] ] } },
{ "type": "Feature", "properties": { "PLOTID": "804", "ExtraInfo": "Aruba" }, "geometry": { "type": "Polygon", "coordinates": [ [ [ -69.998449338472099, 12.495611335730791 ], [ -69.998449338472099, 12.495370622384131 ], [ -69.998760263506412, 12.495370622384131 ], [ -69.998760263506412, 12.495611335730791 ], [ -69.998449338472099, 12.495611335730791 ] ] ] } },
{ "type": "Feature", "properties": { "PLOTID": "805", "ExtraInfo": "Aruba" }, "geometry": { "type": "Polygon", "coordinates": [ [ [ -70.036071267626781, 12.61045658582835 ], [ -70.036071267626781, 12.610215767767107 ], [ -70.036382192661137, 12.610215767767107 ], [ -70.036382192661137, 12.61045658582835 ], [ -70.036071267626781, 12.61045658582835 ] ] ] } },
{ "type": "Feature", "properties": { "PLOTID": "806", "ExtraInfo": "Aruba" }, "geometry": { "type": "Polygon", "coordinates": [ [ [ -69.956785383871008, 12.518720834559748 ], [ -69.956785383871008, 12.51848010022546 ], [ -69.957096308905349, 12.51848010022546 ], [ -69.957096308905349, 12.518720834559748 ], [ -69.956785383871008, 12.518720834559748 ] ] ] } },
{ "type": "Feature", "properties": { "PLOTID": "807", "ExtraInfo": "Aruba" }, "geometry": { "type": "Polygon", "coordinates": [ [ [ -69.912323103960915, 12.494648483654473 ], [ -69.912323103960915, 12.494407771181343 ], [ -69.912634028995242, 12.494407771181343 ], [ -69.912634028995242, 12.494648483654473 ], [ -69.912323103960915, 12.494648483654473 ] ] ] } },
{ "type": "Feature", "properties": { "PLOTID": "808", "ExtraInfo": "Aruba" }, "geometry": { "type": "Polygon", "coordinates": [ [ [ -70.055970469824317, 12.537498787291968 ], [ -70.055970469824317, 12.537258035872977 ], [ -70.056281394858658, 12.537258035872977 ], [ -70.056281394858658, 12.537498787291968 ], [ -70.055970469824317, 12.537498787291968 ] ] ] } },
{ "type": "Feature", "properties": { "PLOTID": "809", "ExtraInfo": "Aruba" }, "geometry": { "type": "Polygon", "coordinates": [ [ [ -69.944037457463224, 12.4804468212195 ], [ -69.944037457463224, 12.480206121622174 ], [ -69.944348382497552, 12.480206121622174 ], [ -69.944348382497552, 12.4804468212195 ], [ -69.944037457463224, 12.4804468212195 ] ] ] } },
{ "type": "Feature", "properties": { "PLOTID": "810", "ExtraInfo": "Aruba" }, "geometry": { "type": "Polygon", "coordinates": [ [ [ -70.04819734396591, 12.610215767767107 ], [ -70.04819734396591, 12.609974949926524 ], [ -70.048508269000237, 12.609974949926524 ], [ -70.048508269000237, 12.610215767767107 ], [ -70.04819734396591, 12.610215767767107 ] ] ] } },
{ "type": "Feature", "properties": { "PLOTID": "811", "ExtraInfo": "Aruba" }, "geometry": { "type": "Polygon", "coordinates": [ [ [ -69.919163454716312, 12.441215662953708 ], [ -69.919163454716312, 12.440974998842627 ], [ -69.919474379750639, 12.440974998842627 ], [ -69.919474379750639, 12.441215662953708 ], [ -69.919163454716312, 12.441215662953708 ] ] ] } },
{ "type": "Feature", "properties": { "PLOTID": "812", "ExtraInfo": "Aruba" }, "geometry": { "type": "Polygon", "coordinates": [ [ [ -70.008088014536526, 12.560371172430877 ], [ -70.008088014536526, 12.560130400164496 ], [ -70.008398939570853, 12.560130400164496 ], [ -70.008398939570853, 12.560371172430877 ], [ -70.008088014536526, 12.560371172430877 ] ] ] } },
{ "type": "Feature", "properties": { "PLOTID": "813", "ExtraInfo": "Aruba" }, "geometry": { "type": "Polygon", "coordinates": [ [ [ -69.961138334351716, 12.512702541845703 ], [ -69.961138334351716, 12.512461812981162 ], [ -69.961449259386058, 12.512461812981162 ], [ -69.961449259386058, 12.512702541845703 ], [ -69.961138334351716, 12.512702541845703 ] ] ] } },
{ "type": "Feature", "properties": { "PLOTID": "814", "ExtraInfo": "Aruba" }, "geometry": { "type": "Polygon", "coordinates": [ [ [ -69.989432512476327, 12.563982782790195 ], [ -69.989432512476327, 12.563742007228193 ], [ -69.989743437510683, 12.563742007228193 ], [ -69.989743437510683, 12.563982782790195 ], [ -69.989432512476327, 12.563982782790195 ] ] ] } },
{ "type": "Feature", "properties": { "PLOTID": "815", "ExtraInfo": "Aruba" }, "geometry": { "type": "Polygon", "coordinates": [ [ [ -69.892423901763379, 12.454452523871636 ], [ -69.892423901763379, 12.45421184780076 ], [ -69.892734826797707, 12.45421184780076 ], [ -69.892734826797707, 12.454452523871636 ], [ -69.892423901763379, 12.454452523871636 ] ] ] } },
{ "type": "Feature", "properties": { "PLOTID": "816", "ExtraInfo": "Aruba" }, "geometry": { "type": "Polygon", "coordinates": [ [ [ -69.980415686480583, 12.50235139812318 ], [ -69.980415686480583, 12.502110678659651 ], [ -69.98072661151491, 12.502110678659651 ], [ -69.98072661151491, 12.50235139812318 ], [ -69.980415686480583, 12.50235139812318 ] ] ] } },
{ "type": "Feature", "properties": { "PLOTID": "817", "ExtraInfo": "Aruba" }, "geometry": { "type": "Polygon", "coordinates": [ [ [ -69.934398781398784, 12.447473006135954 ], [ -69.934398781398784, 12.44723233637294 ], [ -69.934709706433139, 12.44723233637294 ], [ -69.934709706433139, 12.447473006135954 ], [ -69.934398781398784, 12.447473006135954 ] ] ] } },
{ "type": "Feature", "properties": { "PLOTID": "818", "ExtraInfo": "Aruba" }, "geometry": { "type": "Polygon", "coordinates": [ [ [ -70.055348619755648, 12.533887539022784 ], [ -70.055348619755648, 12.533646790891558 ], [ -70.055659544789975, 12.533646790891558 ], [ -70.055659544789975, 12.533887539022784 ], [ -70.055348619755648, 12.533887539022784 ] ] ] } },
{ "type": "Feature", "properties": { "PLOTID": "819", "ExtraInfo": "Aruba" }, "geometry": { "type": "Polygon", "coordinates": [ [ [ -70.050373819206257, 12.618885357025293 ], [ -70.050373819206257, 12.618644531237917 ], [ -70.050684744240613, 12.618644531237917 ], [ -70.050684744240613, 12.618885357025293 ], [ -70.050373819206257, 12.618885357025293 ] ] ] } },
{ "type": "Feature", "properties": { "PLOTID": "820", "ExtraInfo": "Aruba" }, "geometry": { "type": "Polygon", "coordinates": [ [ [ -70.055659544789975, 12.562297358470603 ], [ -70.055659544789975, 12.562056584446692 ], [ -70.055970469824317, 12.562056584446692 ], [ -70.055970469824317, 12.562297358470603 ], [ -70.055659544789975, 12.562297358470603 ] ] ] } },
{ "type": "Feature", "properties": { "PLOTID": "821", "ExtraInfo": "Aruba" }, "geometry": { "type": "Polygon", "coordinates": [ [ [ -69.970466085381815, 12.507165833291024 ], [ -69.970466085381815, 12.506925109456025 ], [ -69.970777010416157, 12.506925109456025 ], [ -69.970777010416157, 12.507165833291024 ], [ -69.970466085381815, 12.507165833291024 ] ] ] } },
{ "type": "Feature", "properties": { "PLOTID": "822", "ExtraInfo": "Aruba" }, "geometry": { "type": "Polygon", "coordinates": [ [ [ -69.878121350183903, 12.434717808219293 ], [ -69.878121350183903, 12.434477149974134 ], [ -69.878432275218245, 12.434477149974134 ], [ -69.878432275218245, 12.434717808219293 ], [ -69.878121350183903, 12.434717808219293 ] ] ] } },
{ "type": "Feature", "properties": { "PLOTID": "823", "ExtraInfo": "Aruba" }, "geometry": { "type": "Polygon", "coordinates": [ [ [ -70.026432591562369, 12.576744202150836 ], [ -70.026432591562369, 12.576503414935736 ], [ -70.026743516596696, 12.576503414935736 ], [ -70.026743516596696, 12.576744202150836 ], [ -70.026432591562369, 12.576744202150836 ] ] ] } },
{ "type": "Feature", "properties": { "PLOTID": "824", "ExtraInfo": "Aruba" }, "geometry": { "type": "Polygon", "coordinates": [ [ [ -69.907659228445866, 12.429664030674564 ], [ -69.907659228445866, 12.429423376989401 ], [ -69.907970153480207, 12.429423376989401 ], [ -69.907970153480207, 12.429664030674564 ], [ -69.907659228445866, 12.429664030674564 ] ] ] } },
{ "type": "Feature", "properties": { "PLOTID": "825", "ExtraInfo": "Aruba" }, "geometry": { "type": "Polygon", "coordinates": [ [ [ -69.905171828171163, 12.447954346314322 ], [ -69.905171828171163, 12.447713676116413 ], [ -69.905482753205519, 12.447713676116413 ], [ -69.905482753205519, 12.447954346314322 ], [ -69.905171828171163, 12.447954346314322 ] ] ] } },
{ "type": "Feature", "properties": { "PLOTID": "826", "ExtraInfo": "Aruba" }, "geometry": { "type": "Polygon", "coordinates": [ [ [ -69.975129960896851, 12.539665559928483 ], [ -69.975129960896851, 12.539424806536319 ], [ -69.975440885931206, 12.539424806536319 ], [ -69.975440885931206, 12.539665559928483 ], [ -69.975129960896851, 12.539665559928483 ] ] ] } },
{ "type": "Feature", "properties": { "PLOTID": "827", "ExtraInfo": "Aruba" }, "geometry": { "type": "Polygon", "coordinates": [ [ [ -69.938751731879506, 12.468893486472926 ], [ -69.938751731879506, 12.468652797338635 ], [ -69.939062656913833, 12.468652797338635 ], [ -69.939062656913833, 12.468893486472926 ], [ -69.938751731879506, 12.468893486472926 ] ] ] } },
{ "type": "Feature", "properties": { "PLOTID": "828", "ExtraInfo": "Aruba" }, "geometry": { "type": "Polygon", "coordinates": [ [ [ -69.884650775904973, 12.416187758493301 ], [ -69.884650775904973, 12.4159471169579 ], [ -69.884961700939314, 12.4159471169579 ], [ -69.884961700939314, 12.416187758493301 ], [ -69.884650775904973, 12.416187758493301 ] ] ] } },
{ "type": "Feature", "properties": { "PLOTID": "829", "ExtraInfo": "Aruba" }, "geometry": { "type": "Polygon", "coordinates": [ [ [ -69.961449259386058, 12.539424806536319 ], [ -69.961449259386058, 12.539184053363414 ], [ -69.961760184420385, 12.539184053363414 ], [ -69.961760184420385, 12.539424806536319 ], [ -69.961449259386058, 12.539424806536319 ] ] ] } },
{ "type": "Feature", "properties": { "PLOTID": "830", "ExtraInfo": "Aruba" }, "geometry": { "type": "Polygon", "coordinates": [ [ [ -70.05006289417193, 12.566149772737328 ], [ -70.05006289417193, 12.565908995197445 ], [ -70.050373819206257, 12.565908995197445 ], [ -70.050373819206257, 12.566149772737328 ], [ -70.05006289417193, 12.566149772737328 ] ] ] } },
{ "type": "Feature", "properties": { "PLOTID": "831", "ExtraInfo": "Aruba" }, "geometry": { "type": "Polygon", "coordinates": [ [ [ -70.008398939570853, 12.532683800558075 ], [ -70.008398939570853, 12.532443053522535 ], [ -70.008709864605194, 12.532443053522535 ], [ -70.008709864605194, 12.532683800558075 ], [ -70.008398939570853, 12.532683800558075 ] ] ] } },
{ "type": "Feature", "properties": { "PLOTID": "832", "ExtraInfo": "Aruba" }, "geometry": { "type": "Polygon", "coordinates": [ [ [ -69.910768478789223, 12.443862982519935 ], [ -69.910768478789223, 12.443622316018043 ], [ -69.911079403823578, 12.443622316018043 ], [ -69.911079403823578, 12.443862982519935 ], [ -69.910768478789223, 12.443862982519935 ] ] ] } },
{ "type": "Feature", "properties": { "PLOTID": "833", "ExtraInfo": "Aruba" }, "geometry": { "type": "Polygon", "coordinates": [ [ [ -69.953054283458982, 12.501629240388162 ], [ -69.953054283458982, 12.501388521580195 ], [ -69.95336520849331, 12.501388521580195 ], [ -69.95336520849331, 12.501629240388162 ], [ -69.953054283458982, 12.501629240388162 ] ] ] } },
{ "type": "Feature", "properties": { "PLOTID": "834", "ExtraInfo": "Aruba" }, "geometry": { "type": "Polygon", "coordinates": [ [ [ -70.016793915497928, 12.50644366244188 ], [ -70.016793915497928, 12.506202939262723 ], [ -70.017104840532269, 12.506202939262723 ], [ -70.017104840532269, 12.50644366244188 ], [ -70.016793915497928, 12.50644366244188 ] ] ] } },
{ "type": "Feature", "properties": { "PLOTID": "835", "ExtraInfo": "Aruba" }, "geometry": { "type": "Polygon", "coordinates": [ [ [ -69.874079324737536, 12.453971171947464 ], [ -69.874079324737536, 12.453730496311742 ], [ -69.874390249771864, 12.453730496311742 ], [ -69.874390249771864, 12.453971171947464 ], [ -69.874079324737536, 12.453971171947464 ] ] ] } },
{ "type": "Feature", "properties": { "PLOTID": "836", "ExtraInfo": "Aruba" }, "geometry": { "type": "Polygon", "coordinates": [ [ [ -69.919474379750639, 12.448435687362517 ], [ -69.919474379750639, 12.44819501672969 ], [ -69.919785304784995, 12.44819501672969 ], [ -69.919785304784995, 12.448435687362517 ], [ -69.919474379750639, 12.448435687362517 ] ] ] } },
{ "type": "Feature", "properties": { "PLOTID": "837", "ExtraInfo": "Aruba" }, "geometry": { "type": "Polygon", "coordinates": [ [ [ -69.889314651420023, 12.434477149974134 ], [ -69.889314651420023, 12.434236491946166 ], [ -69.889625576454364, 12.434236491946166 ], [ -69.889625576454364, 12.434477149974134 ], [ -69.889314651420023, 12.434477149974134 ] ] ] } },
{ "type": "Feature", "properties": { "PLOTID": "838", "ExtraInfo": "Aruba" }, "geometry": { "type": "Polygon", "coordinates": [ [ [ -69.914188654166935, 12.457822011712324 ], [ -69.914188654166935, 12.457581332594845 ], [ -69.914499579201262, 12.457581332594845 ], [ -69.914499579201262, 12.457822011712324 ], [ -69.914188654166935, 12.457822011712324 ] ] ] } },
{ "type": "Feature", "properties": { "PLOTID": "839", "ExtraInfo": "Aruba" }, "geometry": { "type": "Polygon", "coordinates": [ [ [ -69.892112976729052, 12.465042486465247 ], [ -69.892112976729052, 12.4648018008162 ], [ -69.892423901763379, 12.4648018008162 ], [ -69.892423901763379, 12.465042486465247 ], [ -69.892112976729052, 12.465042486465247 ] ] ] } },
{ "type": "Feature", "properties": { "PLOTID": "840", "ExtraInfo": "Aruba" }, "geometry": { "type": "Polygon", "coordinates": [ [ [ -70.039491443004493, 12.593359051549795 ], [ -70.039491443004493, 12.593118249143627 ], [ -70.039802368038821, 12.593118249143627 ], [ -70.039802368038821, 12.593359051549795 ], [ -70.039491443004493, 12.593359051549795 ] ] ] } },
{ "type": "Feature", "properties": { "PLOTID": "841", "ExtraInfo": "Aruba" }, "geometry": { "type": "Polygon", "coordinates": [ [ [ -69.894600377003727, 12.428220111819845 ], [ -69.894600377003727, 12.427979459437152 ], [ -69.894911302038082, 12.427979459437152 ], [ -69.894911302038082, 12.428220111819845 ], [ -69.894600377003727, 12.428220111819845 ] ] ] } },
{ "type": "Feature", "properties": { "PLOTID": "842", "ExtraInfo": "Aruba" }, "geometry": { "type": "Polygon", "coordinates": [ [ [ -69.887138176179661, 12.446750997499233 ], [ -69.887138176179661, 12.446510328388527 ], [ -69.887449101214003, 12.446510328388527 ], [ -69.887449101214003, 12.446750997499233 ], [ -69.887138176179661, 12.446750997499233 ] ] ] } },
{ "type": "Feature", "properties": { "PLOTID": "843", "ExtraInfo": "Aruba" }, "geometry": { "type": "Polygon", "coordinates": [ [ [ -69.94963410808127, 12.456377940272043 ], [ -69.94963410808127, 12.456137262460366 ], [ -69.949945033115611, 12.456137262460366 ], [ -69.949945033115611, 12.456377940272043 ], [ -69.94963410808127, 12.456377940272043 ] ] ] } },
{ "type": "Feature", "properties": { "PLOTID": "844", "ExtraInfo": "Aruba" }, "geometry": { "type": "Polygon", "coordinates": [ [ [ -69.916054204372955, 12.494648483654473 ], [ -69.916054204372955, 12.494407771181343 ], [ -69.916365129407282, 12.494407771181343 ], [ -69.916365129407282, 12.494648483654473 ], [ -69.916054204372955, 12.494648483654473 ] ] ] } },
{ "type": "Feature", "properties": { "PLOTID": "845", "ExtraInfo": "Aruba" }, "geometry": { "type": "Polygon", "coordinates": [ [ [ -70.022390566115988, 12.536776533692638 ], [ -70.022390566115988, 12.536535782931285 ], [ -70.022701491150329, 12.536535782931285 ], [ -70.022701491150329, 12.536776533692638 ], [ -70.022390566115988, 12.536776533692638 ] ] ] } },
{ "type": "Feature", "properties": { "PLOTID": "846", "ExtraInfo": "Aruba" }, "geometry": { "type": "Polygon", "coordinates": [ [ [ -70.030785542043063, 12.530517085126228 ], [ -70.030785542043063, 12.530276340062622 ], [ -70.031096467077404, 12.530276340062622 ], [ -70.031096467077404, 12.530517085126228 ], [ -70.030785542043063, 12.530517085126228 ] ] ] } },
{ "type": "Feature", "properties": { "PLOTID": "847", "ExtraInfo": "Aruba" }, "geometry": { "type": "Polygon", "coordinates": [ [ [ -69.984457711926964, 12.4977777656791 ], [ -69.984457711926964, 12.497537050366709 ], [ -69.984768636961292, 12.497537050366709 ], [ -69.984768636961292, 12.4977777656791 ], [ -69.984457711926964, 12.4977777656791 ] ] ] } },
{ "type": "Feature", "properties": { "PLOTID": "848", "ExtraInfo": "Aruba" }, "geometry": { "type": "Polygon", "coordinates": [ [ [ -70.048508269000237, 12.538461795160211 ], [ -70.048508269000237, 12.538221042864299 ], [ -70.048819194034593, 12.538221042864299 ], [ -70.048819194034593, 12.538461795160211 ], [ -70.048508269000237, 12.538461795160211 ] ] ] } },
{ "type": "Feature", "properties": { "PLOTID": "849", "ExtraInfo": "Aruba" }, "geometry": { "type": "Polygon", "coordinates": [ [ [ -69.983214011789613, 12.524498524249053 ], [ -69.983214011789613, 12.524257784661017 ], [ -69.98352493682394, 12.524257784661017 ], [ -69.98352493682394, 12.524498524249053 ], [ -69.983214011789613, 12.524498524249053 ] ] ] } },
{ "type": "Feature", "properties": { "PLOTID": "850", "ExtraInfo": "Aruba" }, "geometry": { "type": "Polygon", "coordinates": [ [ [ -69.892423901763379, 12.478761928617978 ], [ -69.892423901763379, 12.478521230547191 ], [ -69.892734826797707, 12.478521230547191 ], [ -69.892734826797707, 12.478761928617978 ], [ -69.892423901763379, 12.478761928617978 ] ] ] } },
{ "type": "Feature", "properties": { "PLOTID": "851", "ExtraInfo": "Aruba" }, "geometry": { "type": "Polygon", "coordinates": [ [ [ -70.026743516596696, 12.553388865874437 ], [ -70.026743516596696, 12.553148099976553 ], [ -70.027054441631051, 12.553148099976553 ], [ -70.027054441631051, 12.553388865874437 ], [ -70.026743516596696, 12.553388865874437 ] ] ] } },
{ "type": "Feature", "properties": { "PLOTID": "852", "ExtraInfo": "Aruba" }, "geometry": { "type": "Polygon", "coordinates": [ [ [ -69.937508031742155, 12.45709997501282 ], [ -69.937508031742155, 12.456859296548267 ], [ -69.937818956776496, 12.456859296548267 ], [ -69.937818956776496, 12.45709997501282 ], [ -69.937508031742155, 12.45709997501282 ] ] ] } },
{ "type": "Feature", "properties": { "PLOTID": "853", "ExtraInfo": "Aruba" }, "geometry": { "type": "Polygon", "coordinates": [ [ [ -69.950255958149953, 12.523054090005148 ], [ -69.950255958149953, 12.522813351730804 ], [ -69.95056688318428, 12.522813351730804 ], [ -69.95056688318428, 12.523054090005148 ], [ -69.950255958149953, 12.523054090005148 ] ] ] } },
{ "type": "Feature", "properties": { "PLOTID": "854", "ExtraInfo": "Aruba" }, "geometry": { "type": "Polygon", "coordinates": [ [ [ -70.02767629169972, 12.57987445596874 ], [ -70.02767629169972, 12.579633665893287 ], [ -70.027987216734033, 12.579633665893287 ], [ -70.027987216734033, 12.57987445596874 ], [ -70.02767629169972, 12.57987445596874 ] ] ] } },
{ "type": "Feature", "properties": { "PLOTID": "855", "ExtraInfo": "Aruba" }, "geometry": { "type": "Polygon", "coordinates": [ [ [ -69.895844077141078, 12.487427204433061 ], [ -69.895844077141078, 12.48718649850902 ], [ -69.896155002175419, 12.48718649850902 ], [ -69.896155002175419, 12.487427204433061 ], [ -69.895844077141078, 12.487427204433061 ] ] ] } },
{ "type": "Feature", "properties": { "PLOTID": "856", "ExtraInfo": "Aruba" }, "geometry": { "type": "Polygon", "coordinates": [ [ [ -69.989432512476327, 12.500425648533355 ], [ -69.989432512476327, 12.500184930817886 ], [ -69.989743437510683, 12.500184930817886 ], [ -69.989743437510683, 12.500425648533355 ], [ -69.989432512476327, 12.500425648533355 ] ] ] } },
{ "type": "Feature", "properties": { "PLOTID": "857", "ExtraInfo": "Aruba" }, "geometry": { "type": "Polygon", "coordinates": [ [ [ -69.98165938661792, 12.544962190038714 ], [ -69.98165938661792, 12.544721431821609 ], [ -69.981970311652262, 12.544721431821609 ], [ -69.981970311652262, 12.544962190038714 ], [ -69.98165938661792, 12.544962190038714 ] ] ] } },
{ "type": "Feature", "properties": { "PLOTID": "858", "ExtraInfo": "Aruba" }, "geometry": { "type": "Polygon", "coordinates": [ [ [ -70.058457870099019, 12.550740453071159 ], [ -70.058457870099019, 12.550499689587861 ], [ -70.058768795133346, 12.550499689587861 ], [ -70.058768795133346, 12.550740453071159 ], [ -70.058457870099019, 12.550740453071159 ] ] ] } },
{ "type": "Feature", "properties": { "PLOTID": "859", "ExtraInfo": "Aruba" }, "geometry": { "type": "Polygon", "coordinates": [ [ [ -70.021768716047319, 12.507165833291024 ], [ -70.021768716047319, 12.506925109456025 ], [ -70.02207964108166, 12.506925109456025 ], [ -70.02207964108166, 12.507165833291024 ], [ -70.021768716047319, 12.507165833291024 ] ] ] } },
{ "type": "Feature", "properties": { "PLOTID": "860", "ExtraInfo": "Aruba" }, "geometry": { "type": "Polygon", "coordinates": [ [ [ -69.938751731879506, 12.521850400822705 ], [ -69.938751731879506, 12.521609663642979 ], [ -69.939062656913833, 12.521609663642979 ], [ -69.939062656913833, 12.521850400822705 ], [ -69.938751731879506, 12.521850400822705 ] ] ] } },
{ "type": "Feature", "properties": { "PLOTID": "861", "ExtraInfo": "Aruba" }, "geometry": { "type": "Polygon", "coordinates": [ [ [ -69.991298062682347, 12.513906189449498 ], [ -69.991298062682347, 12.513665459491243 ], [ -69.991608987716702, 12.513665459491243 ], [ -69.991608987716702, 12.513906189449498 ], [ -69.991298062682347, 12.513906189449498 ] ] ] } },
{ "type": "Feature", "properties": { "PLOTID": "862", "ExtraInfo": "Aruba" }, "geometry": { "type": "Polygon", "coordinates": [ [ [ -70.011197264879868, 12.56663132847647 ], [ -70.011197264879868, 12.566390550497001 ], [ -70.011508189914224, 12.566390550497001 ], [ -70.011508189914224, 12.56663132847647 ], [ -70.011197264879868, 12.56663132847647 ] ] ] } },
{ "type": "Feature", "properties": { "PLOTID": "863", "ExtraInfo": "Aruba" }, "geometry": { "type": "Polygon", "coordinates": [ [ [ -69.963003884557736, 12.526905932173332 ], [ -69.963003884557736, 12.526665190395425 ], [ -69.963314809592077, 12.526665190395425 ], [ -69.963314809592077, 12.526905932173332 ], [ -69.963003884557736, 12.526905932173332 ] ] ] } },
{ "type": "Feature", "properties": { "PLOTID": "864", "ExtraInfo": "Aruba" }, "geometry": { "type": "Polygon", "coordinates": [ [ [ -70.031407392111745, 12.581559992658864 ], [ -70.031407392111745, 12.58131920104289 ], [ -70.031718317146087, 12.58131920104289 ], [ -70.031718317146087, 12.581559992658864 ], [ -70.031407392111745, 12.581559992658864 ] ] ] } },
{ "type": "Feature", "properties": { "PLOTID": "865", "ExtraInfo": "Aruba" }, "geometry": { "type": "Polygon", "coordinates": [ [ [ -70.034516642455117, 12.576503414935736 ], [ -70.034516642455117, 12.576262627940627 ], [ -70.034827567489444, 12.576262627940627 ], [ -70.034827567489444, 12.576503414935736 ], [ -70.034516642455117, 12.576503414935736 ] ] ] } },
{ "type": "Feature", "properties": { "PLOTID": "866", "ExtraInfo": "Aruba" }, "geometry": { "type": "Polygon", "coordinates": [ [ [ -69.869415449222487, 12.436643081999968 ], [ -69.869415449222487, 12.436402422017119 ], [ -69.869726374256828, 12.436402422017119 ], [ -69.869726374256828, 12.436643081999968 ], [ -69.869415449222487, 12.436643081999968 ] ] ] } },
{ "type": "Feature", "properties": { "PLOTID": "867", "ExtraInfo": "Aruba" }, "geometry": { "type": "Polygon", "coordinates": [ [ [ -70.0105754148112, 12.496574191301434 ], [ -70.0105754148112, 12.496333477081162 ], [ -70.010886339845555, 12.496333477081162 ], [ -70.010886339845555, 12.496574191301434 ], [ -70.0105754148112, 12.496574191301434 ] ] ] } },
{ "type": "Feature", "properties": { "PLOTID": "868", "ExtraInfo": "Aruba" }, "geometry": { "type": "Polygon", "coordinates": [ [ [ -69.966113134901107, 12.514146919626503 ], [ -69.966113134901107, 12.513906189449498 ], [ -69.966424059935449, 12.513906189449498 ], [ -69.966424059935449, 12.514146919626503 ], [ -69.966113134901107, 12.514146919626503 ] ] ] } },
{ "type": "Feature", "properties": { "PLOTID": "869", "ExtraInfo": "Aruba" }, "geometry": { "type": "Polygon", "coordinates": [ [ [ -70.041356993210499, 12.525461484790911 ], [ -70.041356993210499, 12.525220744326983 ], [ -70.041667918244841, 12.525220744326983 ], [ -70.041667918244841, 12.525461484790911 ], [ -70.041356993210499, 12.525461484790911 ] ] ] } },
{ "type": "Feature", "properties": { "PLOTID": "870", "ExtraInfo": "Aruba" }, "geometry": { "type": "Polygon", "coordinates": [ [ [ -69.939062656913833, 12.45421184780076 ], [ -69.939062656913833, 12.453971171947464 ], [ -69.939373581948175, 12.453971171947464 ], [ -69.939373581948175, 12.45421184780076 ], [ -69.939062656913833, 12.45421184780076 ] ] ] } },
{ "type": "Feature", "properties": { "PLOTID": "871", "ExtraInfo": "Aruba" }, "geometry": { "type": "Polygon", "coordinates": [ [ [ -69.98352493682394, 12.49512990925586 ], [ -69.98352493682394, 12.494889196345977 ], [ -69.983835861858282, 12.494889196345977 ], [ -69.983835861858282, 12.49512990925586 ], [ -69.98352493682394, 12.49512990925586 ] ] ] } },
{ "type": "Feature", "properties": { "PLOTID": "872", "ExtraInfo": "Aruba" }, "geometry": { "type": "Polygon", "coordinates": [ [ [ -70.011508189914224, 12.57987445596874 ], [ -70.011508189914224, 12.579633665893287 ], [ -70.011819114948551, 12.579633665893287 ], [ -70.011819114948551, 12.57987445596874 ], [ -70.011508189914224, 12.57987445596874 ] ] ] } },
{ "type": "Feature", "properties": { "PLOTID": "873", "ExtraInfo": "Aruba" }, "geometry": { "type": "Polygon", "coordinates": [ [ [ -70.020525015909968, 12.588543045282236 ], [ -70.020525015909968, 12.588302247281609 ], [ -70.020835940944309, 12.588302247281609 ], [ -70.020835940944309, 12.588543045282236 ], [ -70.020525015909968, 12.588543045282236 ] ] ] } },
{ "type": "Feature", "properties": { "PLOTID": "874", "ExtraInfo": "Aruba" }, "geometry": { "type": "Polygon", "coordinates": [ [ [ -69.915743279338614, 12.460710178100115 ], [ -69.915743279338614, 12.460469496370521 ], [ -69.916054204372955, 12.460469496370521 ], [ -69.916054204372955, 12.460710178100115 ], [ -69.915743279338614, 12.460710178100115 ] ] ] } },
{ "type": "Feature", "properties": { "PLOTID": "875", "ExtraInfo": "Aruba" }, "geometry": { "type": "Polygon", "coordinates": [ [ [ -69.882474300664612, 12.472503849634144 ], [ -69.882474300664612, 12.472263157231332 ], [ -69.882785225698953, 12.472263157231332 ], [ -69.882785225698953, 12.472503849634144 ], [ -69.882474300664612, 12.472503849634144 ] ] ] } },
{ "type": "Feature", "properties": { "PLOTID": "876", "ExtraInfo": "Aruba" }, "geometry": { "type": "Polygon", "coordinates": [ [ [ -69.936264331604804, 12.53003559521809 ], [ -69.936264331604804, 12.529794850592637 ], [ -69.936575256639145, 12.529794850592637 ], [ -69.936575256639145, 12.53003559521809 ], [ -69.936264331604804, 12.53003559521809 ] ] ] } },
{ "type": "Feature", "properties": { "PLOTID": "877", "ExtraInfo": "Aruba" }, "geometry": { "type": "Polygon", "coordinates": [ [ [ -69.882785225698953, 12.431829923610893 ], [ -69.882785225698953, 12.431589267971701 ], [ -69.883096150733294, 12.431589267971701 ], [ -69.883096150733294, 12.431829923610893 ], [ -69.882785225698953, 12.431829923610893 ] ] ] } },
{ "type": "Feature", "properties": { "PLOTID": "878", "ExtraInfo": "Aruba" }, "geometry": { "type": "Polygon", "coordinates": [ [ [ -70.039802368038821, 12.592395843247035 ], [ -70.039802368038821, 12.592155041722128 ], [ -70.040113293073176, 12.592155041722128 ], [ -70.040113293073176, 12.592395843247035 ], [ -70.039802368038821, 12.592395843247035 ] ] ] } },
{ "type": "Feature", "properties": { "PLOTID": "879", "ExtraInfo": "Aruba" }, "geometry": { "type": "Polygon", "coordinates": [ [ [ -70.008398939570853, 12.581078409647002 ], [ -70.008398939570853, 12.5808376184712 ], [ -70.008709864605194, 12.5808376184712 ], [ -70.008709864605194, 12.581078409647002 ], [ -70.008398939570853, 12.581078409647002 ] ] ] } },
{ "type": "Feature", "properties": { "PLOTID": "880", "ExtraInfo": "Aruba" }, "geometry": { "type": "Polygon", "coordinates": [ [ [ -70.04539901865688, 12.550018163279697 ], [ -70.04539901865688, 12.549777400454822 ], [ -70.045709943691222, 12.549777400454822 ], [ -70.045709943691222, 12.550018163279697 ], [ -70.04539901865688, 12.550018163279697 ] ] ] } },
{ "type": "Feature", "properties": { "PLOTID": "881", "ExtraInfo": "Aruba" }, "geometry": { "type": "Polygon", "coordinates": [ [ [ -69.916676054441623, 12.495611335730791 ], [ -69.916676054441623, 12.495370622384131 ], [ -69.916986979475965, 12.495370622384131 ], [ -69.916986979475965, 12.495611335730791 ], [ -69.916676054441623, 12.495611335730791 ] ] ] } },
{ "type": "Feature", "properties": { "PLOTID": "882", "ExtraInfo": "Aruba" }, "geometry": { "type": "Polygon", "coordinates": [ [ [ -69.915743279338614, 12.466005231239388 ], [ -69.915743279338614, 12.465764544719146 ], [ -69.916054204372955, 12.465764544719146 ], [ -69.916054204372955, 12.466005231239388 ], [ -69.915743279338614, 12.466005231239388 ] ] ] } },
{ "type": "Feature", "properties": { "PLOTID": "883", "ExtraInfo": "Aruba" }, "geometry": { "type": "Polygon", "coordinates": [ [ [ -69.893667601900731, 12.451805099058067 ], [ -69.893667601900731, 12.451564425380299 ], [ -69.893978526935058, 12.451564425380299 ], [ -69.893978526935058, 12.451805099058067 ], [ -69.893667601900731, 12.451805099058067 ] ] ] } },
{ "type": "Feature", "properties": { "PLOTID": "884", "ExtraInfo": "Aruba" }, "geometry": { "type": "Polygon", "coordinates": [ [ [ -69.935331556501808, 12.492000658459739 ], [ -69.935331556501808, 12.491759948388438 ], [ -69.935642481536135, 12.491759948388438 ], [ -69.935642481536135, 12.492000658459739 ], [ -69.935331556501808, 12.492000658459739 ] ] ] } },
{ "type": "Feature", "properties": { "PLOTID": "885", "ExtraInfo": "Aruba" }, "geometry": { "type": "Polygon", "coordinates": [ [ [ -70.020214090875641, 12.580596827515482 ], [ -70.020214090875641, 12.580356036779833 ], [ -70.020525015909968, 12.580356036779833 ], [ -70.020525015909968, 12.580596827515482 ], [ -70.020214090875641, 12.580596827515482 ] ] ] } },
{ "type": "Feature", "properties": { "PLOTID": "886", "ExtraInfo": "Aruba" }, "geometry": { "type": "Polygon", "coordinates": [ [ [ -69.930045830918075, 12.440253007813277 ], [ -69.930045830918075, 12.440012344571436 ], [ -69.930356755952431, 12.440012344571436 ], [ -69.930356755952431, 12.440253007813277 ], [ -69.930045830918075, 12.440253007813277 ] ] ] } },
{ "type": "Feature", "properties": { "PLOTID": "887", "ExtraInfo": "Aruba" }, "geometry": { "type": "Polygon", "coordinates": [ [ [ -69.996583788266079, 12.48140962178981 ], [ -69.996583788266079, 12.481168921320073 ], [ -69.996894713300406, 12.481168921320073 ], [ -69.996894713300406, 12.48140962178981 ], [ -69.996583788266079, 12.48140962178981 ] ] ] } },
{ "type": "Feature", "properties": { "PLOTID": "888", "ExtraInfo": "Aruba" }, "geometry": { "type": "Polygon", "coordinates": [ [ [ -69.931911381124095, 12.488149323514616 ], [ -69.931911381124095, 12.487908616935856 ], [ -69.932222306158451, 12.487908616935856 ], [ -69.932222306158451, 12.488149323514616 ], [ -69.931911381124095, 12.488149323514616 ] ] ] } },
{ "type": "Feature", "properties": { "PLOTID": "889", "ExtraInfo": "Aruba" }, "geometry": { "type": "Polygon", "coordinates": [ [ [ -70.05286121948096, 12.543517644026476 ], [ -70.05286121948096, 12.543276887125492 ], [ -70.053172144515301, 12.543276887125492 ], [ -70.053172144515301, 12.543517644026476 ], [ -70.05286121948096, 12.543517644026476 ] ] ] } },
{ "type": "Feature", "properties": { "PLOTID": "890", "ExtraInfo": "Aruba" }, "geometry": { "type": "Polygon", "coordinates": [ [ [ -69.949323183046943, 12.496574191301434 ], [ -69.949323183046943, 12.496333477081162 ], [ -69.94963410808127, 12.496333477081162 ], [ -69.94963410808127, 12.496574191301434 ], [ -69.949323183046943, 12.496574191301434 ] ] ] } },
{ "type": "Feature", "properties": { "PLOTID": "891", "ExtraInfo": "Aruba" }, "geometry": { "type": "Polygon", "coordinates": [ [ [ -70.005600614261823, 12.517035698815357 ], [ -70.005600614261823, 12.516794966012903 ], [ -70.005911539296164, 12.516794966012903 ], [ -70.005911539296164, 12.517035698815357 ], [ -70.005600614261823, 12.517035698815357 ] ] ] } },
{ "type": "Feature", "properties": { "PLOTID": "892", "ExtraInfo": "Aruba" }, "geometry": { "type": "Polygon", "coordinates": [ [ [ -69.941550057188536, 12.498018481209925 ], [ -69.941550057188536, 12.4977777656791 ], [ -69.941860982222877, 12.4977777656791 ], [ -69.941860982222877, 12.498018481209925 ], [ -69.941550057188536, 12.498018481209925 ] ] ] } },
{ "type": "Feature", "properties": { "PLOTID": "893", "ExtraInfo": "Aruba" }, "geometry": { "type": "Polygon", "coordinates": [ [ [ -69.914499579201262, 12.432311235540691 ], [ -69.914499579201262, 12.432070579467219 ], [ -69.914810504235604, 12.432070579467219 ], [ -69.914810504235604, 12.432311235540691 ], [ -69.914499579201262, 12.432311235540691 ] ] ] } },
{ "type": "Feature", "properties": { "PLOTID": "894", "ExtraInfo": "Aruba" }, "geometry": { "type": "Polygon", "coordinates": [ [ [ -70.026432591562369, 12.583486333510434 ], [ -70.026432591562369, 12.583245540133577 ], [ -70.026743516596696, 12.583245540133577 ], [ -70.026743516596696, 12.583486333510434 ], [ -70.026432591562369, 12.583486333510434 ] ] ] } },
{ "type": "Feature", "properties": { "PLOTID": "895", "ExtraInfo": "Aruba" }, "geometry": { "type": "Polygon", "coordinates": [ [ [ -70.059390645202015, 12.621293627045663 ], [ -70.059390645202015, 12.621052799049743 ], [ -70.059701570236356, 12.621052799049743 ], [ -70.059701570236356, 12.621293627045663 ], [ -70.059390645202015, 12.621293627045663 ] ] ] } },
{ "type": "Feature", "properties": { "PLOTID": "896", "ExtraInfo": "Aruba" }, "geometry": { "type": "Polygon", "coordinates": [ [ [ -70.035760342592454, 12.577225777241038 ], [ -70.035760342592454, 12.576984989585936 ], [ -70.036071267626781, 12.576984989585936 ], [ -70.036071267626781, 12.577225777241038 ], [ -70.035760342592454, 12.577225777241038 ] ] ] } },
{ "type": "Feature", "properties": { "PLOTID": "897", "ExtraInfo": "Aruba" }, "geometry": { "type": "Polygon", "coordinates": [ [ [ -69.907348303411538, 12.48766791057534 ], [ -69.907348303411538, 12.487427204433061 ], [ -69.907659228445866, 12.487427204433061 ], [ -69.907659228445866, 12.48766791057534 ], [ -69.907348303411538, 12.48766791057534 ] ] ] } },
{ "type": "Feature", "properties": { "PLOTID": "898", "ExtraInfo": "Aruba" }, "geometry": { "type": "Polygon", "coordinates": [ [ [ -69.96020555924872, 12.456859296548267 ], [ -69.96020555924872, 12.456618618301341 ], [ -69.960516484283048, 12.456618618301341 ], [ -69.960516484283048, 12.456859296548267 ], [ -69.96020555924872, 12.456859296548267 ] ] ] } },
{ "type": "Feature", "properties": { "PLOTID": "899", "ExtraInfo": "Aruba" }, "geometry": { "type": "Polygon", "coordinates": [ [ [ -69.960827409317375, 12.527628158821159 ], [ -69.960827409317375, 12.527387416386198 ], [ -69.961138334351716, 12.527387416386198 ], [ -69.961138334351716, 12.527628158821159 ], [ -69.960827409317375, 12.527628158821159 ] ] ] } },
{ "type": "Feature", "properties": { "PLOTID": "900", "ExtraInfo": "Aruba" }, "geometry": { "type": "Polygon", "coordinates": [ [ [ -70.05472676968698, 12.606603523325081 ], [ -70.05472676968698, 12.606362708793837 ], [ -70.055037694721307, 12.606362708793837 ], [ -70.055037694721307, 12.606603523325081 ], [ -70.05472676968698, 12.606603523325081 ] ] ] } }
]
}
